-- MySQL dump 10.17  Distrib 10.3.24-MariaDB, for Linux (x86_64)
--
-- Host: localhost    Database: uniprev_2016
-- ------------------------------------------------------
-- Server version	10.3.24-MariaDB

/*!40101 SET @OLD_CHARACTER_SET_CLIENT=@@CHARACTER_SET_CLIENT */;
/*!40101 SET @OLD_CHARACTER_SET_RESULTS=@@CHARACTER_SET_RESULTS */;
/*!40101 SET @OLD_COLLATION_CONNECTION=@@COLLATION_CONNECTION */;
/*!40101 SET NAMES utf8mb4 */;
/*!40103 SET @OLD_TIME_ZONE=@@TIME_ZONE */;
/*!40103 SET TIME_ZONE='+00:00' */;
/*!40014 SET @OLD_UNIQUE_CHECKS=@@UNIQUE_CHECKS, UNIQUE_CHECKS=0 */;
/*!40014 SET @OLD_FOREIGN_KEY_CHECKS=@@FOREIGN_KEY_CHECKS, FOREIGN_KEY_CHECKS=0 */;
/*!40101 SET @OLD_SQL_MODE=@@SQL_MODE, SQL_MODE='NO_AUTO_VALUE_ON_ZERO' */;
/*!40111 SET @OLD_SQL_NOTES=@@SQL_NOTES, SQL_NOTES=0 */;

--
-- Current Database: `uniprev_2016`
--


--
-- Table structure for table `banners`
--

DROP TABLE IF EXISTS `banners`;
/*!40101 SET @saved_cs_client     = @@character_set_client */;
/*!40101 SET character_set_client = utf8 */;
CREATE TABLE `banners` (
  `id` int(11) NOT NULL AUTO_INCREMENT,
  `banner` varchar(255) DEFAULT NULL,
  `ativo` int(11) DEFAULT 1,
  `ordem` int(11) DEFAULT NULL,
  `link` varchar(255) DEFAULT NULL,
  PRIMARY KEY (`id`) USING BTREE
) ENGINE=InnoDB AUTO_INCREMENT=7 DEFAULT CHARSET=latin1 AVG_ROW_LENGTH=16384;
/*!40101 SET character_set_client = @saved_cs_client */;

--
-- Dumping data for table `banners`
--

LOCK TABLES `banners` WRITE;
/*!40000 ALTER TABLE `banners` DISABLE KEYS */;
INSERT INTO `banners` (`id`, `banner`, `ativo`, `ordem`, `link`) VALUES (1,'1.jpg',1,3,'http://uniprev.com.br/planos'),(3,'plano-uniprev.jpg',0,1,'http://uniprev.com.br/adesao'),(4,'plano-geracoes.jpg',1,1,'http://uniprev.com.br/adesao'),(5,'parceria-sao-francisco.png',1,2,NULL),(6,'banner_novo.jpg',1,NULL,'http://uniprev.com.br/exames/qualidade');
/*!40000 ALTER TABLE `banners` ENABLE KEYS */;
UNLOCK TABLES;

--
-- Table structure for table `clientes`
--

DROP TABLE IF EXISTS `clientes`;
/*!40101 SET @saved_cs_client     = @@character_set_client */;
/*!40101 SET character_set_client = utf8 */;
CREATE TABLE `clientes` (
  `id` int(11) NOT NULL AUTO_INCREMENT,
  `cpf` varchar(11) DEFAULT NULL,
  `email` varchar(70) NOT NULL,
  `status` int(1) DEFAULT 0,
  `exclude` int(1) DEFAULT 0,
  PRIMARY KEY (`id`) USING BTREE
) ENGINE=MyISAM AUTO_INCREMENT=2650 DEFAULT CHARSET=utf8 AVG_ROW_LENGTH=116;
/*!40101 SET character_set_client = @saved_cs_client */;

--
-- Dumping data for table `clientes`
--

LOCK TABLES `clientes` WRITE;
/*!40000 ALTER TABLE `clientes` DISABLE KEYS */;
INSERT INTO `clientes` (`id`, `cpf`, `email`, `status`, `exclude`) VALUES (6,'00007801890','',1,0),(7,'00011956895','',1,0),(8,'00012663816','',1,0),(9,'00016026837','',1,0),(10,'00045228850','',1,0),(11,'00048483818','mottaoswaldo@hotmail.com',1,0),(12,'00053924894','',1,0),(13,'00085917842','',1,0),(14,'00163471886','',1,0),(15,'00168598809','',1,0),(16,'00186608861','',1,0),(17,'00188554157','',1,0),(18,'00190884851','',1,0),(19,'00204308844','',1,0),(20,'00224597825','',1,0),(21,'00224602845','',1,0),(22,'00224720880','',1,0),(23,'00224721852','',1,0),(24,'00224783882','',1,0),(25,'00224833812','',1,0),(26,'00224945882','',1,0),(27,'00227035860','',1,0),(28,'00231364300','',1,0),(29,'00299488608','',1,0),(30,'00334386845','',1,0),(31,'00457691840','',1,0),(32,'00577288792','',1,0),(33,'00663371864','',1,0),(34,'00689979819','',1,0),(35,'00713742801','',1,0),(36,'00761996818','',1,0),(37,'00803387806','',1,0),(38,'00833970780','deiva.sanches@ymail.com',1,0),(39,'00863174825','',1,0),(40,'00870280856','',1,0),(41,'00895793806','',1,0),(42,'00971267804','',1,0),(43,'01064625800','',1,0),(44,'01098795890','',1,0),(45,'01169567800','',1,0),(46,'01170930840','',1,0),(47,'01299184669','',1,0),(48,'01329538897','',1,0),(49,'01447046846','',1,0),(50,'01518961860','',1,0),(51,'01602594872','',1,0),(52,'01620976897','',1,0),(53,'01620996812','',1,0),(54,'01621026825','',1,0),(55,'01621070808','',1,0),(56,'01621209822','',1,0),(57,'01621350843','',1,0),(58,'01621411818','',1,0),(59,'01621531805','',1,0),(60,'01621538800','',1,0),(61,'01621539881','',1,0),(62,'01621586880','',1,0),(63,'01621595870','',1,0),(64,'01621649806','',1,0),(65,'01621650804','',1,0),(66,'01621738817','',1,0),(67,'01621801870','',1,0),(68,'01621827836','',1,0),(69,'01621933865','',1,0),(70,'01622010876','',1,0),(71,'01622120892','',1,0),(72,'01622185838','',1,0),(73,'01622299841','',1,0),(74,'01622386817','',1,0),(75,'01622805801','',1,0),(76,'01622868803','',1,0),(77,'01622882806','',1,0),(78,'01637075880','bel.leite@yahoo.com.br',1,0),(79,'01637077823','',1,0),(80,'01637082827','',1,0),(81,'01637085842','',1,0),(82,'01637117809','',1,0),(83,'01637128835','',1,0),(84,'01637130813','',1,0),(85,'01637133839','',1,0),(86,'01637135882','',1,0),(87,'01637157851','',1,0),(88,'01637168896','',1,0),(89,'01637180837','',1,0),(90,'01637186878','',1,0),(91,'01637213867','',1,0),(92,'01637974809','',1,0),(93,'01637977816','',1,0),(94,'01638011850','',1,0),(95,'01638071837','lucasmarini@usp.br',1,0),(96,'01638072809','',1,0),(97,'01638089884','',1,0),(98,'01638102813','',1,0),(99,'01638105839','',1,0),(100,'01638116873','',1,0),(101,'01638117845','',1,0),(102,'01638125864','',1,0),(103,'01641653809','',1,0),(104,'01641659831','',1,0),(105,'01641698810','',1,0),(106,'01641733829','',1,0),(107,'01641738898','',1,0),(108,'01641744863','',1,0),(109,'01641767804','',1,0),(110,'01641787830','',1,0),(111,'01641804866','',1,0),(112,'01641807881','',1,0),(113,'01641818816','',1,0),(114,'01641829850','',1,0),(115,'01641868830','',1,0),(116,'01641916826','',1,0),(117,'01641943807','',1,0),(118,'01641962852','',1,0),(119,'01732206813','',1,0),(120,'01744948828','',1,0),(121,'01996400843','',1,0),(122,'02164992830','',1,0),(123,'02170835873','',1,0),(124,'02170839860','',1,0),(125,'02170859896','',1,0),(126,'02180393873','',1,0),(127,'02224106807','',1,0),(128,'02443628825','',1,0),(129,'02584862956','',1,0),(130,'02664606824','',1,0),(131,'02664652850','',1,0),(132,'02664705806','',1,0),(133,'02664723898','',1,0),(134,'02664727885','',1,0),(135,'02775067867','',1,0),(136,'02775127860','',1,0),(137,'02775132863','',1,0),(138,'02775139876','',1,0),(139,'02775147895','',1,0),(140,'02775186874','',1,0),(141,'02775188818','',1,0),(142,'02775189890','',1,0),(143,'02775213863','',1,0),(144,'02775229867','',1,0),(145,'02775233899','',1,0),(146,'02775235832','',1,0),(147,'02775252842','',1,0),(148,'02775270824','',1,0),(149,'02775273840','',1,0),(150,'02775296890','',1,0),(151,'02775297862','',1,0),(152,'02775312845','',1,0),(153,'02775316832','',1,0),(154,'02775317804','',1,0),(155,'02775318886','',1,0),(156,'02775322808','',1,0),(157,'02775325823','',1,0),(158,'02775326803','',1,0),(159,'02775334814','',1,0),(160,'02775361897','ma-bordon@hotmail.com',1,0),(161,'02775366856','alessandraglucatelli@gmail.com',1,0),(162,'02775369871','',1,0),(163,'02775391885','',1,0),(164,'02775406823','',1,0),(165,'02775429874','',1,0),(166,'02775482848','',1,0),(167,'02775516840','',1,0),(168,'02775520871','',1,0),(169,'02775525830','',1,0),(170,'02775548881','',1,0),(171,'02775563848','',1,0),(172,'02775566863','',1,0),(173,'02775610862','',1,0),(174,'02775618847','',1,0),(175,'02775659870','',1,0),(176,'02775673864','',1,0),(177,'02775675808','',1,0),(178,'02775679803','',1,0),(179,'02775683827','',1,0),(180,'02775693890','',1,0),(181,'02775709800','',1,0),(182,'02775728863','',1,0),(183,'02775746845','luciaarrozio15@gmail.com',1,0),(184,'02775765807','',1,0),(185,'02775768814','',1,0),(186,'02775772846','',1,0),(187,'02775776833','',1,0),(188,'02775781837','',1,0),(189,'02775795897','',1,0),(190,'02775830803','',1,0),(191,'02775836836','',1,0),(192,'02775880819','',1,0),(193,'02775888801','',1,0),(194,'02775914810','',1,0),(195,'02775916864','',1,0),(196,'02775966888','',1,0),(197,'02775974805','',1,0),(198,'02775984860','',1,0),(199,'02776016816','',1,0),(200,'02776028822','',1,0),(201,'02776045832','',1,0),(202,'02776083840','',1,0),(203,'02776109822','',1,0),(204,'02776118813','',1,0),(205,'02776201800','',1,0),(206,'02776215851','',1,0),(207,'02776220855','',1,0),(208,'02776257856','',1,0),(209,'02776289898','',1,0),(210,'02776293810','',1,0),(211,'02776325878','',1,0),(212,'02776339828','',1,0),(213,'02776348819','',1,0),(214,'02776425821','',1,0),(215,'02782858807','',1,0),(216,'02784150836','',1,0),(217,'02784153851','',1,0),(218,'02784174859','',1,0),(219,'02784179818','',1,0),(220,'02784231836','',1,0),(221,'02784232808','',1,0),(222,'02784326896','',1,0),(223,'02784383857','',1,0),(224,'02784393810','',1,0),(225,'02784509893','',1,0),(226,'02784529819','',1,0),(227,'02784583864','',1,0),(228,'02784644839','',1,0),(229,'02784681874','loara2@hotmail.com',1,0),(230,'02784694852','',1,0),(231,'02784760820','',1,0),(232,'02784951847','',1,0),(233,'02784961800','',1,0),(234,'02784975860','',1,0),(235,'02785015835','',1,0),(236,'02785071824','',1,0),(237,'02785085884','',1,0),(238,'02785259890','',1,0),(239,'02785275829','',1,0),(240,'02785292839','',1,0),(241,'02785312880','',1,0),(242,'02785314824','',1,0),(243,'02785353803','',1,0),(244,'02785384873','',1,0),(245,'02785576861','',1,0),(246,'02785626800','',1,0),(247,'02785651820','',1,0),(248,'02785661893','',1,0),(249,'02785688821','',1,0),(250,'02785727827','',1,0),(251,'02785800842','',1,0),(252,'02800483865','',1,0),(253,'02800484837','',1,0),(254,'02803467860','',1,0),(255,'02803468832','',1,0),(256,'02807042830','',1,0),(257,'02808714815','',1,0),(258,'02821617836','',1,0),(259,'02821619880','',1,0),(260,'02821635818','',1,0),(261,'02839131854','',1,0),(262,'02873761849','',1,0),(263,'02911844645','',1,0),(264,'02924502810','',1,0),(265,'02929428856','',1,0),(266,'02963765827','',1,0),(267,'2963765827','',1,0),(268,'02969613883','aparecida3941@gmail.com',1,0),(269,'02969666812','',1,0),(270,'02971051838','',1,0),(271,'02985565880','rozipperes@hotmail.com',1,0),(272,'02995045811','',1,0),(273,'02995048837','',1,0),(274,'02995059871','',1,0),(275,'02995067890','',1,0),(276,'02995091848','',1,0),(277,'03012444807','',1,0),(278,'03013940832','',1,0),(279,'03013956836','',1,0),(280,'03013972874','',1,0),(281,'03013975890','',1,0),(282,'03013989840','',1,0),(283,'03036242805','',1,0),(284,'03054777812','',1,0),(285,'03054786803','',1,0),(286,'03054821811','',1,0),(287,'03070370888','',1,0),(288,'03078866890','',1,0),(289,'03078870812','',1,0),(290,'03079001850','',1,0),(291,'03080015835','',1,0),(292,'03096554803','',1,0),(293,'03096566801','',1,0),(294,'03096579890','',1,0),(295,'03114952496','',1,0),(296,'03150936845','',1,0),(297,'03150938899','',1,0),(298,'03157735888','',1,0),(299,'03176226845','',1,0),(300,'03182374826','',1,0),(301,'03183638878','',1,0),(302,'03183654806','',1,0),(303,'03231883890','',1,0),(304,'03257785828','',1,0),(305,'03276605899','',1,0),(306,'03284415890','',1,0),(307,'03284481842','',1,0),(308,'03284535870','',1,0),(309,'03285735821','',1,0),(310,'03393126881','',1,0),(311,'03393133829','',1,0),(312,'03393163817','',1,0),(313,'03411631805','',1,0),(314,'03415525856','',1,0),(315,'03439045862','',1,0),(316,'03482100861','',1,0),(317,'03497298832','',1,0),(318,'03566350826','',1,0),(319,'03576741895','',1,0),(320,'03576756817','',1,0),(321,'03576758860','',1,0),(322,'03576763864','',1,0),(323,'03582611809','',1,0),(324,'03582625850','',1,0),(325,'03582634841','',1,0),(326,'03582636895','',1,0),(327,'03582637867','',1,0),(328,'03582645886','',1,0),(329,'03582678890','',1,0),(330,'03584994454','',1,0),(331,'03587708827','',1,0),(332,'03588475834','',1,0),(333,'03617078869','',1,0),(334,'03628373840','',1,0),(335,'03666689868','',1,0),(336,'03669591826','',1,0),(337,'03669636862','',1,0),(338,'03675288862','',1,0),(339,'03675295800','',1,0),(340,'03675317803','',1,0),(341,'03675334805','',1,0),(342,'03675340880','',1,0),(343,'03675349837','',1,0),(344,'03732619850','',1,0),(345,'03792423898','',1,0),(346,'03804351875','',1,0),(347,'03871180807','',1,0),(348,'03883177873','',1,0),(349,'03883193801','',1,0),(350,'03887146549','',1,0),(351,'03918534812','',1,0),(352,'03936995877','',1,0),(353,'03937006826','',1,0),(354,'03937031855','',1,0),(355,'03959469802','',1,0),(356,'03959720866','',1,0),(357,'03959738803','',1,0),(358,'03959741863','',1,0),(359,'03984117868','',1,0),(360,'04013991845','',1,0),(361,'04028951852','',1,0),(362,'04066073891','',1,0),(363,'04117966669','',1,0),(364,'04124102810','',1,0),(365,'04139607815','',1,0),(366,'04206989818','',1,0),(367,'04207237810','',1,0),(368,'04207253858','',1,0),(369,'04207256873','',1,0),(370,'04207267808','',1,0),(371,'04207272801','',1,0),(372,'04207275827','',1,0),(373,'04207276807','',1,0),(374,'04207284818','',1,0),(375,'04254089813','',1,0),(376,'04282246871','',1,0),(377,'04283458830','',1,0),(378,'04311477872','',1,0),(379,'04351320834','',1,0),(380,'04351825871','',1,0),(381,'04351829869','',1,0),(382,'04367606813','',1,0),(383,'04369570867','',1,0),(384,'04457524832','',1,0),(385,'04481309474','',1,0),(386,'04484811898','',1,0),(387,'04492642897','',1,0),(388,'04495899864','',1,0),(389,'04497698440','',1,0),(390,'04500099808','',1,0),(391,'04522727852','',1,0),(392,'04522751800','',1,0),(393,'04582780172','',1,0),(394,'04612527836','',1,0),(395,'04621660829','',1,0),(396,'04625924804','',1,0),(397,'04625930880','',1,0),(398,'04640924852','',1,0),(399,'04664227841','',1,0),(400,'04664228813','',1,0),(401,'04664237804','',1,0),(402,'04664251807','',1,0),(403,'04694036831','',1,0),(404,'04694041835','',1,0),(405,'04694143832','',1,0),(406,'04705855876','maressa.alves@hotmail.com',1,0),(407,'04716055817','',1,0),(408,'04716068803','',1,0),(409,'04716076814','',1,0),(410,'04716114848','',1,0),(411,'04716120813','',1,0),(412,'04739664844','',1,0),(413,'04745804822','',1,0),(414,'04745812841','',1,0),(415,'04745814895','',1,0),(416,'04745819854','',1,0),(417,'04745828845','',1,0),(418,'04745834810','',1,0),(419,'04745840896','',1,0),(420,'04745846827','Pavanelib@gmail.com',1,0),(421,'04745857861','',1,0),(422,'04745861893','',1,0),(423,'04745866852','',1,0),(424,'04745872828','',1,0),(425,'04745873808','',1,0),(426,'04745875843','',1,0),(427,'04795099804','',1,0),(428,'04795102880','',1,0),(429,'04803862850','',1,0),(430,'04825152872','',1,0),(431,'04888500886','',1,0),(432,'04933468648','',1,0),(433,'04963606801','',1,0),(434,'04963616866','',1,0),(435,'04963634848','',1,0),(436,'04963637863','',1,0),(437,'04963645882','',1,0),(438,'04963661810','',1,0),(439,'04963662892','',1,0),(440,'04963667851','',1,0),(441,'04963700816','',1,0),(442,'04963702860','',1,0),(443,'04997961876','',1,0),(444,'05013363896','',1,0),(445,'05013408822','',1,0),(446,'05042724893','',1,0),(447,'05042733884','',1,0),(448,'05042746862','',1,0),(449,'05042757805','',1,0),(450,'05042760857','',1,0),(451,'05044076864','',1,0),(452,'05044079880','',1,0),(453,'05050620899','',1,0),(454,'05071925834','',1,0),(455,'05072182800','',1,0),(456,'05082067826','',1,0),(457,'05082098896','',1,0),(458,'05087745865','',1,0),(459,'05182748884','',1,0),(460,'05182759819','',1,0),(461,'05182773803','',1,0),(462,'05239976805','',1,0),(463,'05240679886','',1,0),(464,'05240688877','',1,0),(465,'05252757895','',1,0),(466,'05252758867','',1,0),(467,'05273155835','',1,0),(468,'05295799441','',1,0),(469,'05333542856','',1,0),(470,'05333546843','',1,0),(471,'05333551847','',1,0),(472,'05333575860','',1,0),(473,'05335065818','',1,0),(474,'05342458897','',1,0),(475,'05363663813','',1,0),(476,'05370835616','',1,0),(477,'05389633873','',1,0),(478,'05389657896','',1,0),(479,'05389673824','',1,0),(480,'05389691806','',1,0),(481,'05389703839','',1,0),(482,'05389733827','',1,0),(483,'05389737814','',1,0),(484,'05466587842','dina_prado@hotmail.com',1,0),(485,'05466602825','',1,0),(486,'05487081859','',1,0),(487,'05515395859','',1,0),(488,'05600839804','',1,0),(489,'05648196890','',1,0),(490,'05654743830','',1,0),(491,'05654767852','',1,0),(492,'05654768824','',1,0),(493,'05654771884','2apoiatti@gmail.com',1,0),(494,'05685400691','',1,0),(495,'05686022852','',1,0),(496,'05686049890','',1,0),(497,'05687327827','',1,0),(498,'05687367888','gra_a_motta@hotmail.com',1,0),(499,'05687371800','',1,0),(500,'05729707819','',1,0),(501,'05729710879','',1,0),(502,'05729720831','',1,0),(503,'05729732848','',1,0),(504,'05729747870','',1,0),(505,'05729770855','',1,0),(506,'05729771827','',1,0),(507,'05729780818','',1,0),(508,'05729782861','',1,0),(509,'05729794878','',1,0),(510,'05729801831','',1,0),(511,'05729802803','',1,0),(512,'05729817835','',1,0),(513,'05729913800','',1,0),(514,'05729940874','',1,0),(515,'05731293805','',1,0),(516,'05731432856','',1,0),(517,'05731599807','',1,0),(518,'05731616825','',1,0),(519,'05733994843','',1,0),(520,'05735381822','',1,0),(521,'05741963820','',1,0),(522,'05760235826','',1,0),(523,'05760253808','',1,0),(524,'05760260855','',1,0),(525,'05760271890','',1,0),(526,'05760277820','',1,0),(527,'05760282824','',1,0),(528,'05760289837','',1,0),(529,'05781273859','',1,0),(530,'05898252835','',1,0),(531,'05898271899','',1,0),(532,'05898343806','',1,0),(533,'05898422854','',1,0),(534,'05898441808','',1,0),(535,'05898445803','',1,0),(536,'05898449892','',1,0),(537,'05898469818','',1,0),(538,'05898527877','',1,0),(539,'05898643869','',1,0),(540,'05898649808','',1,0),(541,'05898670831','',1,0),(542,'05898695826','',1,0),(543,'06028623881','',1,0),(544,'06056419860','',1,0),(545,'06194400820','',1,0),(546,'06209878806','',1,0),(547,'06252158429','',1,0),(548,'06255913805','',1,0),(549,'06265702807','',1,0),(550,'06298878882','',1,0),(551,'06298884858','',1,0),(552,'06298886800','',1,0),(553,'06298894810','',1,0),(554,'06298908897','',1,0),(555,'06324399800','',1,0),(556,'06341454104','edson.izeppi@gmail.com',1,0),(557,'06348093859','',1,0),(558,'06437555866','',1,0),(559,'06456773881','',1,0),(560,'06493626838','',1,0),(561,'06545065823','',1,0),(562,'06559062821','',1,0),(563,'06663283820','',1,0),(564,'06682628854','',1,0),(565,'06690417859','',1,0),(566,'06690490858','',1,0),(567,'06743647675','',1,0),(568,'06757027801','',1,0),(569,'06765611878','',1,0),(570,'06783987809','',1,0),(571,'06865659830','',1,0),(572,'06916666870','',1,0),(573,'06920547821','',1,0),(574,'07134738868','',1,0),(575,'07164287848','',1,0),(576,'07310105826','',1,0),(577,'07328394838','',1,0),(578,'07362552815','',1,0),(579,'07362765800','',1,0),(580,'07369745805','',1,0),(581,'07369755860','',1,0),(582,'07373089828','',1,0),(583,'07433232893','',1,0),(584,'07468749876','',1,0),(585,'07502704892','atanerfalcao@hotmail.com',1,0),(586,'07502714855','',1,0),(587,'07541852813','',1,0),(588,'07563074813','',1,0),(589,'07569782895','',1,0),(590,'07618284865','',1,0),(591,'07686972801','',1,0),(592,'07688017882','',1,0),(593,'07688026873','',1,0),(594,'07706990818','',1,0),(595,'07769876826','',1,0),(596,'07769885817','',1,0),(597,'07769955882','',1,0),(598,'07770690838','',1,0),(599,'07770724830','',1,0),(600,'07770753856','',1,0),(601,'07773183856','',1,0),(602,'07803300804','',1,0),(603,'07868217871','',1,0),(604,'07868222875','',1,0),(605,'07868445823','',1,0),(606,'07959539847','',1,0),(607,'08156853865','',1,0),(608,'08230584842','',1,0),(609,'08295487850','',1,0),(610,'08355254813','',1,0),(611,'08375604895','',1,0),(612,'08379308808','',1,0),(613,'08381998875','',1,0),(614,'08458445808','',1,0),(615,'08458461838','denardi.rafa@hotmail.com',1,0),(616,'08458462800','',1,0),(617,'08458498839','',1,0),(618,'08471740850','',1,0),(619,'08489053855','',1,0),(620,'08492356855','',1,0),(621,'08662217869','',1,0),(622,'08705444896','',1,0),(623,'08733301883','',1,0),(624,'08776533808','',1,0),(625,'08776552861','',1,0),(626,'08850735847','',1,0),(627,'08870541886','',1,0),(628,'08957542825','',1,0),(629,'09039466882','',1,0),(630,'09096144821','',1,0),(631,'09096152840','',1,0),(632,'09096161831','',1,0),(633,'09119808810','',1,0),(634,'09195939849','',1,0),(635,'09197605891','',1,0),(636,'09199583895','',1,0),(637,'09199634805','',1,0),(638,'09199673886','',1,0),(639,'09199693801','giovania.laura@hotmail.com',1,0),(640,'09217464821','elisangelavilarta@hotmail.com',1,0),(641,'09217492876','',1,0),(642,'09217499889','',1,0),(643,'09223304849','',1,0),(644,'09375443884','esdalur@gmail.com',1,0),(645,'09435381812','',1,0),(646,'09460023800','',1,0),(647,'09465285862','',1,0),(648,'09483395860','',1,0),(649,'09483447844','felipebrota16@gmail.com',1,0),(650,'09483472873','',1,0),(651,'09509103845','',1,0),(652,'09592688800','',1,0),(653,'09592691851','fernandarissi16@gmail.com',1,0),(654,'09592713847','',1,0),(655,'09592730857','',1,0),(656,'09592809879','',1,0),(657,'09592825807','',1,0),(658,'09592852880','gabrielacbb<span>@</span>yahoo.com.br',1,0),(659,'09592855803','',1,0),(660,'09592894884','',1,0),(661,'09593242830','',1,0),(662,'09593245855','',1,0),(663,'09593316892','',1,0),(664,'09593328807','',1,0),(665,'09593334874','',1,0),(666,'09593342893','',1,0),(667,'09593593896','',1,0),(668,'09593695893','',1,0),(669,'09593731873','',1,0),(670,'09593803882','',1,0),(671,'09593826823','',1,0),(672,'09593873821','',1,0),(673,'09654577887','',1,0),(674,'09675178850','',1,0),(675,'09767572813','',1,0),(676,'09934120763','',1,0),(677,'09960337855','',1,0),(678,'09973051858','',1,0),(679,'10171686870','',1,0),(680,'10390744808','',1,0),(681,'10390877875','r_redford6@hotmail.com',1,0),(682,'10423018833','',1,0),(683,'10441991807','',1,0),(684,'10494357886','rafaeluniprev@hotmail.com',1,0),(685,'10585188874','',1,0),(686,'10585210802','',1,0),(687,'10585213810','',1,0),(688,'10633783897','',1,0),(689,'10669105880','',1,0),(690,'10669133825','',1,0),(691,'10886474809','',1,0),(692,'10912400862','',1,0),(693,'10990243826','',1,0),(694,'10990387828','',1,0),(695,'10990454878','',1,0),(696,'10990595854','',1,0),(697,'10990667863','',1,0),(698,'10990693864','',1,0),(699,'10990759806','',1,0),(700,'10990779823','',1,0),(701,'10990781801','',1,0),(702,'10990787842','',1,0),(703,'10990788814','',1,0),(704,'10990789896','',1,0),(705,'10990791874','',1,0),(706,'10990811816','',1,0),(707,'10990843858','',1,0),(708,'10993536883','',1,0),(709,'11008861847','',1,0),(710,'11009042807','',1,0),(711,'11009069837','',1,0),(712,'11009073869','',1,0),(713,'11009074830','',1,0),(714,'11009083821','',1,0),(715,'11009087819','',1,0),(716,'11009104845','',1,0),(717,'11009166875','',1,0),(718,'11009291858','',1,0),(719,'11009310828','',1,0),(720,'11066234876','',1,0),(721,'11101830891','',1,0),(722,'11258882884','',1,0),(723,'11284712800','',1,0),(724,'11284771814','',1,0),(725,'11284920836','',1,0),(726,'11451215860','',1,0),(727,'11454609842','',1,0),(728,'11470069890','',1,0),(729,'11529867835','',1,0),(730,'11529976880','',1,0),(731,'11530365848','',1,0),(732,'11530714877','',1,0),(733,'11531181813','',1,0),(734,'11533039810','',1,0),(735,'11533069808','',1,0),(736,'11533120854','',1,0),(737,'11533152896','',1,0),(738,'11533162859','',1,0),(739,'11533190801','',1,0),(740,'11533423830','',1,0),(741,'11533462810','',1,0),(742,'11533611831','',1,0),(743,'11533640858','',1,0),(744,'11533665842','',1,0),(745,'11533809860','',1,0),(746,'11533869847','',1,0),(747,'11533920893','',1,0),(748,'11533937869','',1,0),(749,'11534318828','',1,0),(750,'11534360867','',1,0),(751,'11534364854','',1,0),(752,'11534366806','',1,0),(753,'11534381864','',1,0),(754,'11534418881','',1,0),(755,'11534475842','',1,0),(756,'11534535845','',1,0),(757,'11534829830','',1,0),(758,'11534874895','',1,0),(759,'11534909869','',1,0),(760,'11534913890','',1,0),(761,'11534995846','',1,0),(762,'11535141840','',1,0),(763,'11535200871','',1,0),(764,'11535262800','',1,0),(765,'11535267860','',1,0),(766,'11535405848','',1,0),(767,'11535430877','',1,0),(768,'11535493879','',1,0),(769,'11535498838','',1,0),(770,'11535552808','',1,0),(771,'11535568801','',1,0),(772,'11535671807','',1,0),(773,'11535680806','',1,0),(774,'11535731800','',1,0),(775,'11535743816','',1,0),(776,'11535758848','',1,0),(777,'11535760826','',1,0),(778,'11535785810','',1,0),(779,'11535893893','',1,0),(780,'11536032840','',1,0),(781,'11536044857','',1,0),(782,'11536066826','arrudamaya@gmail.com',1,0),(783,'11536239860','',1,0),(784,'11536246808','',1,0),(785,'11536271837','',1,0),(786,'11536337870','',1,0),(787,'11536352837','eletrotecnicafenix@gmail.com',1,0),(788,'11536354880','',1,0),(789,'11536536806','',1,0),(790,'11536589845','',1,0),(791,'11536601802','',1,0),(792,'11536725889','',1,0),(793,'11536739839','',1,0),(794,'11536779890','',1,0),(795,'11536874884','',1,0),(796,'11536889806','',1,0),(797,'11536908886','',1,0),(798,'11546823824','',1,0),(799,'11546835830','',1,0),(800,'11546850805','',1,0),(801,'11546852840','',1,0),(802,'11546858881','',1,0),(803,'11546864857','',1,0),(804,'11546868844','',1,0),(805,'11546977899','',1,0),(806,'11546985808','pivessor@gmail.com',1,0),(807,'11546989803','',1,0),(808,'11546993827','',1,0),(809,'11548022802','',1,0),(810,'11551102854','',1,0),(811,'11551153840','',1,0),(812,'11551173875','',1,0),(813,'11572085843','esoctaviano@hotmail.com',1,0),(814,'11572097850','',1,0),(815,'11572185805','',1,0),(816,'11572188812','',1,0),(817,'11572190809','',1,0),(818,'11572235837','',1,0),(819,'11862496846','',1,0),(820,'11877801895','',1,0),(821,'11883990807','',1,0),(822,'12117650830','',1,0),(823,'12220201813','',1,0),(824,'12220225836','',1,0),(825,'12220228851','',1,0),(826,'12220235807','',1,0),(827,'12220236870','',1,0),(828,'12220246833','',1,0),(829,'12220259811','',1,0),(830,'12220281825','',1,0),(831,'12330285884','',1,0),(832,'12330291850','',1,0),(833,'12330303882','',1,0),(834,'12330326823','',1,0),(835,'12333737816','',1,0),(836,'12333756870','',1,0),(837,'12333805838','',1,0),(838,'12333811803','',1,0),(839,'12333923873','',1,0),(840,'12333926899','',1,0),(841,'12333928832','',1,0),(842,'12334320870','',1,0),(843,'12335388886','',1,0),(844,'12343296898','',1,0),(845,'12359152807','',1,0),(846,'12359168800','',1,0),(847,'12359198890','',1,0),(848,'12359347802','',1,0),(849,'12359636839','',1,0),(850,'12359735810','',1,0),(851,'12359865862','',1,0),(852,'12359871838','',1,0),(853,'12359876805','',1,0),(854,'12359911805','',1,0),(855,'12359917846','',1,0),(856,'12372801848','',1,0),(857,'12377789803','',1,0),(858,'12377799876','',1,0),(859,'12377901824','',1,0),(860,'12377921850','',1,0),(861,'12377934838','',1,0),(862,'12377993842','',1,0),(863,'12378007817','',1,0),(864,'12378023855','',1,0),(865,'12378077866','',1,0),(866,'12378103883','',1,0),(867,'12378190832','',1,0),(868,'12378416822','',1,0),(869,'12378431899','',1,0),(870,'12378462859','',1,0),(871,'12378515804','',1,0),(872,'12485179891','',1,0),(873,'12532083875','',1,0),(874,'12549173813','',1,0),(875,'12790020850','',1,0),(876,'12790030812','',1,0),(877,'12790037825','',1,0),(878,'12790071845','',1,0),(879,'12825244880','',1,0),(880,'12825305855','',1,0),(881,'12825334871','',1,0),(882,'12921301806','',1,0),(883,'12924595819','',1,0),(884,'12973760801','',1,0),(885,'13010271891','',1,0),(886,'13026666815','',1,0),(887,'13026941891','',1,0),(888,'13027212834','',1,0),(889,'13027360868','',1,0),(890,'13587569886','',1,0),(891,'13658000830','',1,0),(892,'13682834893','',1,0),(893,'13686777894','',1,0),(894,'13747690106','',1,0),(895,'13936084858','',1,0),(896,'13936127840','',1,0),(897,'13936136831','',1,0),(898,'13936142807','',1,0),(899,'13936234841','silvanacfer1@gmail.com',1,0),(900,'13936264830','',1,0),(901,'13936291802','',1,0),(902,'13937923837','',1,0),(903,'13937938869','',1,0),(904,'13937939830','',1,0),(905,'13937947850','',1,0),(906,'13937950800','',1,0),(907,'13938017813','',1,0),(908,'13938042842','',1,0),(909,'13938071869','',1,0),(910,'13938074884','',1,0),(911,'13938125896','',1,0),(912,'13938151897','',1,0),(913,'13938159871','',1,0),(914,'13938192810','',1,0),(915,'13938228865','',1,0),(916,'13951072890','',1,0),(917,'13951074833','',1,0),(918,'13951093897','',1,0),(919,'13951132892','',1,0),(920,'13951139803','',1,0),(921,'13951275812','',1,0),(922,'13951356812','',1,0),(923,'13951443898','',1,0),(924,'13951474858','',1,0),(925,'13951482877','',1,0),(926,'13951498870','',1,0),(927,'13951520809','',1,0),(928,'13951525860','',1,0),(929,'13966334801','',1,0),(930,'13966414830','',1,0),(931,'13966420805','',1,0),(932,'13966576813','',1,0),(933,'13966620812','waltermazari71@gmail.com',1,0),(934,'13966621894','',1,0),(935,'13972364857','daniella_nogueiraa@hotmail.com',1,0),(936,'14059523852','',1,0),(937,'14062997827','',1,0),(938,'14085496891','',1,0),(939,'14090589800','',1,0),(940,'14091020844','',1,0),(941,'14091135820','',1,0),(942,'14192215829','',1,0),(943,'14192259877','',1,0),(944,'14192331810','',1,0),(945,'14192574802','',1,0),(946,'14259641840','',1,0),(947,'14262250830','',1,0),(948,'14535697825','',1,0),(949,'14543374860','',1,0),(950,'14784441859','',1,0),(951,'14784455809','',1,0),(952,'14784458824','',1,0),(953,'14784460802','',1,0),(954,'14784472819','',1,0),(955,'14784488812','',1,0),(956,'14784509836','',1,0),(957,'14784524800','',1,0),(958,'14784543856','',1,0),(959,'14829273810','',1,0),(960,'14944854862','chavatte@gmail.com',1,0),(961,'15275399898','',1,0),(962,'15275441843','',1,0),(963,'15458156820','',1,0),(964,'15474311800','',1,0),(965,'15474312881','',1,0),(966,'15474334850','kadfor10@gmail.com',1,0),(967,'15474371896','',1,0),(968,'15474485808','',1,0),(969,'15474556837','',1,0),(970,'15474624859','',1,0),(971,'15474648871','',1,0),(972,'15474766807','',1,0),(973,'15474980809','',1,0),(974,'15475005818','',1,0),(975,'15475021856','',1,0),(976,'15478917850','',1,0),(977,'15479038800','',1,0),(978,'15479086880','',1,0),(979,'15479151886','',1,0),(980,'15479162810','',1,0),(981,'15479179896','',1,0),(982,'15479193880','',1,0),(983,'15479206885','',1,0),(984,'15479217810','',1,0),(985,'15479231804','',1,0),(986,'15479233858','',1,0),(987,'15485369898','',1,0),(988,'15490234890','',1,0),(989,'15490258802','',1,0),(990,'15490286857','',1,0),(991,'15490292822','',1,0),(992,'15490301830','',1,0),(993,'15490311800','',1,0),(994,'15490349875','',1,0),(995,'15490387882','',1,0),(996,'15538281868','',1,0),(997,'15551890163','',1,0),(998,'15586340887','',1,0),(999,'15597741853','',1,0),(1000,'15708813830','',1,0),(1001,'15819744853','',1,0),(1002,'15897153817','',1,0),(1003,'16065844802','',1,0),(1004,'16067038897','',1,0),(1005,'16067049821','',1,0),(1006,'16067106809','',1,0),(1007,'16067284820','david.aparecido.cruz@hotmail.com',1,0),(1008,'16067288818','',1,0),(1009,'16067291878','',1,0),(1010,'16067307898','',1,0),(1011,'16067394847','',1,0),(1012,'16067403854','',1,0),(1013,'16067408813','',1,0),(1014,'16076812850','',1,0),(1015,'16076833858','',1,0),(1016,'16076844892','',1,0),(1017,'16076852801','',1,0),(1018,'16077036889','',1,0),(1019,'16077122882','',1,0),(1020,'16210316832','',1,0),(1021,'16222071813','',1,0),(1022,'16450494859','',1,0),(1023,'16501503850','',1,0),(1024,'16501511879','',1,0),(1025,'16501549841','saleteuniprev@hotmail.com',1,0),(1026,'16791453800','',1,0),(1027,'16791531886','',1,0),(1028,'16791559896','',1,0),(1029,'16791669802','',1,0),(1030,'16791671890','',1,0),(1031,'16791724846','',1,0),(1032,'16791753862','',1,0),(1033,'16791795867','',1,0),(1034,'16796987888','',1,0),(1035,'16797071836','',1,0),(1036,'16797332818','',1,0),(1037,'16797344824','',1,0),(1038,'16801237853','',1,0),(1039,'16804270835','',1,0),(1040,'16804277848','',1,0),(1041,'16804290860','',1,0),(1042,'16804344898','',1,0),(1043,'16804383877','',1,0),(1044,'16804389808','',1,0),(1045,'16804395883','',1,0),(1046,'16804451899','',1,0),(1047,'16804489861','',1,0),(1048,'16804513835','',1,0),(1049,'16804516850','',1,0),(1050,'16804584856','',1,0),(1051,'17083880875','',1,0),(1052,'17137667872','',1,0),(1053,'17157179881','',1,0),(1054,'17157329875','',1,0),(1055,'17157330881','',1,0),(1056,'17157368854','',1,0),(1057,'17157373858','',1,0),(1058,'17157384892','',1,0),(1059,'17157495880','jean.cfonseca@yahoo.com',1,0),(1060,'17163415826','',1,0),(1061,'17163422873','',1,0),(1062,'17163431864','',1,0),(1063,'17163443870','',1,0),(1064,'17163456859','',1,0),(1065,'17163514808','',1,0),(1066,'17163525842','',1,0),(1067,'17163529830','',1,0),(1068,'17163591802','',1,0),(1069,'17163616805','',1,0),(1070,'17163778899','',1,0),(1071,'17163807821','',1,0),(1072,'17214416891','',1,0),(1073,'17214432820','',1,0),(1074,'17214440849','',1,0),(1075,'17214483815','',1,0),(1076,'17356538881','',1,0),(1077,'17410057874','',1,0),(1078,'17410624892','',1,0),(1079,'17410626836','',1,0),(1080,'17410634855','',1,0),(1081,'17410636807','',1,0),(1082,'17540202831','',1,0),(1083,'17559172873','',1,0),(1084,'17559201806','',1,0),(1085,'17559252800','',1,0),(1086,'17559272827','',1,0),(1087,'17559378811','',1,0),(1088,'17559424864','',1,0),(1089,'17559433855','',1,0),(1090,'17559606890','',1,0),(1091,'17559666876','',1,0),(1092,'17559696864','',1,0),(1093,'17559819885','',1,0),(1094,'17559850880','',1,0),(1095,'17559907822','',1,0),(1096,'17570307860','',1,0),(1097,'17570446801','',1,0),(1098,'17572637809','',1,0),(1099,'17572661866','',1,0),(1100,'17572696813','',1,0),(1101,'17572715893','',1,0),(1102,'17572753809','',1,0),(1103,'17572842810','',1,0),(1104,'17572844863','',1,0),(1105,'17572970818','',1,0),(1106,'17573225822','',1,0),(1107,'17573244886','',1,0),(1108,'17573261896','',1,0),(1109,'17757333865','',1,0),(1110,'17757361800','',1,0),(1111,'17757374898','',1,0),(1112,'17757389810','',1,0),(1113,'17757443881','',1,0),(1114,'17757513847','',1,0),(1115,'17757515890','',1,0),(1116,'17757572851','',1,0),(1117,'17757619831','osnilmartins@gmail.com',1,0),(1118,'17757677874','',1,0),(1119,'17757729858','',1,0),(1120,'17760804830','',1,0),(1121,'17760973861','',1,0),(1122,'17760993897','',1,0),(1123,'17761020884','',1,0),(1124,'17761043825','',1,0),(1125,'17761082804','',1,0),(1126,'17761114862','',1,0),(1127,'17761219885','',1,0),(1128,'17761225850','',1,0),(1129,'17761234841','',1,0),(1130,'17761240817','',1,0),(1131,'17761267855','',1,0),(1132,'17765467840','',1,0),(1133,'17772824890','',1,0),(1134,'17772845898','',1,0),(1135,'17772894830','',1,0),(1136,'17772914881','',1,0),(1137,'17773038856','',1,0),(1138,'17773131805','',1,0),(1139,'17773136866','',1,0),(1140,'17787775890','',1,0),(1141,'17787783800','',1,0),(1142,'18019025855','',1,0),(1143,'18021024852','',1,0),(1144,'18623373812','',1,0),(1145,'18623380860','',1,0),(1146,'18623392876','',1,0),(1147,'18707382847','',1,0),(1148,'18728693868','',1,0),(1149,'18746810820','',1,0),(1150,'18746829849','',1,0),(1151,'18746845887','',1,0),(1152,'19037041892','',1,0),(1153,'19040860807','',1,0),(1154,'19040982821','',1,0),(1155,'19040984875','',1,0),(1156,'19041013806','',1,0),(1157,'19041069860','',1,0),(1158,'19041343865','',1,0),(1159,'19041413820','',1,0),(1160,'19041481826','',1,0),(1161,'19089685839','',1,0),(1162,'19090659862','',1,0),(1163,'19090662812','analaurarvianna@yahoo.com.br',1,0),(1164,'19145414807','',1,0),(1165,'19145426813','',1,0),(1166,'19157465827','',1,0),(1167,'19157470820','',1,0),(1168,'19157494843','',1,0),(1169,'19164036898','',1,0),(1170,'19164064832','',1,0),(1171,'19164290840','',1,0),(1172,'19164349837','',1,0),(1173,'19165133870','',1,0),(1174,'19165259890','',1,0),(1175,'19165260805','',1,0),(1176,'19165417801','',1,0),(1177,'19165535839','',1,0),(1178,'19165715810','',1,0),(1179,'19165726855','',1,0),(1180,'19165729870','',1,0),(1181,'19165760875','',1,0),(1182,'19168958838','',1,0),(1183,'19175124815','',1,0),(1184,'19177243811','',1,0),(1185,'19200915809','',1,0),(1186,'19200949894','',1,0),(1187,'19203570845','',1,0),(1188,'19205019836','',1,0),(1189,'19216942894','',1,0),(1190,'19459613845','',1,0),(1191,'19541003885','',1,0),(1192,'19541051855','',1,0),(1193,'19541059830','',1,0),(1194,'19995264811','',1,0),(1195,'20072936843','',1,0),(1196,'20072971835','',1,0),(1197,'20072989882','',1,0),(1198,'20406034842','',1,0),(1199,'20406055840','',1,0),(1200,'20406085838','',1,0),(1201,'20558430872','',1,0),(1202,'20679386300','',1,0),(1203,'20761791868','',1,0),(1204,'20826745920','',1,0),(1205,'21332829805','',1,0),(1206,'21616965800','',1,0),(1207,'21619463822','',1,0),(1208,'21647310857','',1,0),(1209,'21659620805','',1,0),(1210,'21734036800','',1,0),(1211,'21773454803','',1,0),(1212,'21807688852','',1,0),(1213,'21814677810','',1,0),(1214,'21820919803','',1,0),(1215,'21870493885','',1,0),(1216,'21891435868','',1,0),(1217,'21900164876','',1,0),(1218,'21900183820','',1,0),(1219,'21966366817','',1,0),(1220,'21978568800','',1,0),(1221,'21990911803','',1,0),(1222,'22120367876','',1,0),(1223,'22327651808','',1,0),(1224,'22354536860','',1,0),(1225,'22382350865','',1,0),(1226,'22408722845','',1,0),(1227,'22417009838','',1,0),(1228,'22456383877','',1,0),(1229,'22479686000','',1,0),(1230,'22527122876','',1,0),(1231,'22542022860','',1,0),(1232,'22589897871','',1,0),(1233,'22630390829','',1,0),(1234,'23023959803','',1,0),(1235,'23428945891','',1,0),(1236,'23996382804','',1,0),(1237,'24242004834','',1,0),(1238,'24258954853','',1,0),(1239,'24259241834','',1,0),(1240,'24259357891','',1,0),(1241,'24259454820','',1,0),(1242,'24259489887','',1,0),(1243,'24259551868','',1,0),(1244,'24259586815','',1,0),(1245,'24259659804','',1,0),(1246,'24336920834','',1,0),(1247,'24579618823','',1,0),(1248,'24610624800','',1,0),(1249,'24728653846','',1,0),(1250,'24742420829','',1,0),(1251,'24794160895','',1,0),(1252,'24794246854','',1,0),(1253,'24818700851','',1,0),(1254,'24821850842','',1,0),(1255,'24852739870','',1,0),(1256,'24899348304','',1,0),(1257,'24915958850','',1,0),(1258,'24928772806','',1,0),(1259,'24944437846','',1,0),(1260,'24955182810','',1,0),(1261,'24958965882','',1,0),(1262,'24976996824','',1,0),(1263,'25063387802','',1,0),(1264,'25079017805','',1,0),(1265,'25087930867','',1,0),(1266,'25107881831','',1,0),(1267,'25143988861','',1,0),(1268,'25171670870','',1,0),(1269,'25180086833','',1,0),(1270,'25187101838','',1,0),(1271,'25206756830','',1,0),(1272,'25230198842','',1,0),(1273,'25232331850','',1,0),(1274,'25244705806','',1,0),(1275,'25251255845','',1,0),(1276,'25272677854','cb_claudimara@yahoo.com.br',1,0),(1277,'25290132848','',1,0),(1278,'25293982400','',1,0),(1279,'25294066858','',1,0),(1280,'25322324801','',1,0),(1281,'25337208870','',1,0),(1282,'25345604843','',1,0),(1283,'25369390819','',1,0),(1284,'25516685818','junior_vidros09@hotmail.com',1,0),(1285,'25528106672','',1,0),(1286,'25535529800','',1,0),(1287,'25597424890','',1,0),(1288,'25607059820','',1,0),(1289,'25614551816','',1,0),(1290,'25618604850','',1,0),(1291,'25663192867','',1,0),(1292,'25679291851','',1,0),(1293,'25717729880','',1,0),(1294,'25717883889','',1,0),(1295,'25720443827','',1,0),(1296,'25727493862','',1,0),(1297,'25751454812','',1,0),(1298,'25799213890','',1,0),(1299,'25804293877','',1,0),(1300,'25809036821','',1,0),(1301,'25850567836','',1,0),(1302,'25885567875','',1,0),(1303,'25939924840','',1,0),(1304,'26048537875','',1,0),(1305,'26054834878','',1,0),(1306,'26082293878','',1,0),(1307,'26109005894','',1,0),(1308,'26111244850','',1,0),(1309,'26133004851','',1,0),(1310,'26145369892','',1,0),(1311,'26202828889','',1,0),(1312,'26215844896','',1,0),(1313,'26255714896','',1,0),(1314,'26264691810','',1,0),(1315,'26267079880','',1,0),(1316,'26282679850','',1,0),(1317,'26283461840','',1,0),(1318,'26318377891','',1,0),(1319,'26318504834','',1,0),(1320,'26318601872','',1,0),(1321,'26318687815','',1,0),(1322,'26318709800','',1,0),(1323,'26319063815','',1,0),(1324,'26319110830','janainacperna@hotmail.com',1,0),(1325,'26319250844','',1,0),(1326,'26319365820','',1,0),(1327,'26319381868','',1,0),(1328,'26342799814','',1,0),(1329,'26420396840','',1,0),(1330,'26505249877','',1,0),(1331,'26505963847','',1,0),(1332,'26511206858','',1,0),(1333,'26575479820','',1,0),(1334,'26576359896','',1,0),(1335,'26597274814','',1,0),(1336,'26598031885','',1,0),(1337,'26673696885','',1,0),(1338,'26679090890','',1,0),(1339,'26681472800','',1,0),(1340,'26699375865','',1,0),(1341,'26826670828','',1,0),(1342,'26866779880','',1,0),(1343,'26873815861','',1,0),(1344,'26880650848','',1,0),(1345,'26895522808','',1,0),(1346,'26974067860','',1,0),(1347,'26988521860','',1,0),(1348,'27065477827','',1,0),(1349,'27117715804','',1,0),(1350,'27130158808','',1,0),(1351,'27137507840','',1,0),(1352,'27164910898','',1,0),(1353,'27177078835','',1,0),(1354,'27179674869','',1,0),(1355,'27201235877','',1,0),(1356,'27205772869','',1,0),(1357,'27228983815','',1,0),(1358,'27359830800','',1,0),(1359,'27407981809','',1,0),(1360,'27426702898','',1,0),(1361,'27484771899','',1,0),(1362,'27510211824','',1,0),(1363,'27521047826','',1,0),(1364,'27527854880','',1,0),(1365,'27529565842','arflato@hotmail.com',1,0),(1366,'27539671807','',1,0),(1367,'27587011897','',1,0),(1368,'27587040803','',1,0),(1369,'27593687856','',1,0),(1370,'27669087811','rodrigo.cuenca@hotmail.com',1,0),(1371,'27705566818','',1,0),(1372,'27763215895','',1,0),(1373,'27811802899','',1,0),(1374,'28009617830','',1,0),(1375,'28038762800','',1,0),(1376,'28100300810','',1,0),(1377,'28152480851','',1,0),(1378,'28194842808','accolucci1@hotmail.com',1,0),(1379,'28258343866','',1,0),(1380,'28274434811','',1,0),(1381,'28348431802','',1,0),(1382,'28366866858','',1,0),(1383,'28367395840','',1,0),(1384,'28406573848','',1,0),(1385,'28439869827','',1,0),(1386,'28465425892','',1,0),(1387,'28499196837','',1,0),(1388,'28508182830','',1,0),(1389,'28566871804','',1,0),(1390,'28646854850','',1,0),(1391,'28655093890','',1,0),(1392,'28692807850','',1,0),(1393,'28701492802','',1,0),(1394,'28724374873','vradionoff@hotmail.com',1,0),(1395,'28751098806','',1,0),(1396,'28751980843','',1,0),(1397,'28831125842','',1,0),(1398,'28863260893','',1,0),(1399,'28916054893','',1,0),(1400,'28958397861','rosivania24@hotmail.com',1,0),(1401,'29004106812','',1,0),(1402,'29050366805','',1,0),(1403,'29100212890','',1,0),(1404,'29137085875','',1,0),(1405,'29155490875','',1,0),(1406,'29192056415','',1,0),(1407,'29205655830','',1,0),(1408,'29215644830','',1,0),(1409,'29220869845','',1,0),(1410,'29262396880','',1,0),(1411,'29289622806','',1,0),(1412,'29308255885','',1,0),(1413,'29346018895','',1,0),(1414,'29381964823','',1,0),(1415,'29432805859','',1,0),(1416,'29494620810','',1,0),(1417,'29589553893','',1,0),(1418,'29608705819','',1,0),(1419,'29663184817','',1,0),(1420,'29722922866','',1,0),(1421,'29746299115','',1,0),(1422,'29751862825','',1,0),(1423,'29898458879','',1,0),(1424,'29922131870','',1,0),(1425,'29971604809','',1,0),(1426,'30002103850','',1,0),(1427,'30021054819','',1,0),(1428,'30028219856','',1,0),(1429,'30028340841','',1,0),(1430,'30059253827','',1,0),(1431,'30059713844','',1,0),(1432,'30077951840','',1,0),(1433,'30096628820','',1,0),(1434,'30171386825','',1,0),(1435,'30172371848','',1,0),(1436,'30186641834','',1,0),(1437,'30186676891','',1,0),(1438,'30186935820','',1,0),(1439,'30187125872','',1,0),(1440,'30187974853','',1,0),(1441,'30188075887','',1,0),(1442,'30188091815','',1,0),(1443,'30224779885','',1,0),(1444,'30301143846','',1,0),(1445,'30312086849','',1,0),(1446,'30322279844','',1,0),(1447,'30365169803','',1,0),(1448,'30435428861','',1,0),(1449,'30481628878','',1,0),(1450,'30486605850','',1,0),(1451,'30521328810','',1,0),(1452,'30522176828','',1,0),(1453,'30526344881','',1,0),(1454,'30527539830','',1,0),(1455,'30669716863','',1,0),(1456,'30692172815','',1,0),(1457,'30694710806','',1,0),(1458,'30695406868','',1,0),(1459,'30695538853','',1,0),(1460,'30712968865','',1,0),(1461,'30752247824','',1,0),(1462,'30776390848','',1,0),(1463,'30784536856','',1,0),(1464,'30804568820','',1,0),(1465,'30827564848','',1,0),(1466,'30872616886','',1,0),(1467,'30910919100','',1,0),(1468,'30942585810','',1,0),(1469,'30943028825','',1,0),(1470,'30971054843','',1,0),(1471,'31058322893','',1,0),(1472,'31069454869','',1,0),(1473,'31157612873','',1,0),(1474,'31258309823','',1,0),(1475,'31305219848','',1,0),(1476,'31349854620','',1,0),(1477,'31391167805','',1,0),(1478,'31566220874','',1,0),(1479,'31590271807','nataekelen@hotmail.com',1,0),(1480,'31609854829','',1,0),(1481,'31624723853','',1,0),(1482,'31707504881','',1,0),(1483,'31712001809','',1,0),(1484,'31727777824','',1,0),(1485,'31792259808','',1,0),(1486,'31817528866','',1,0),(1487,'32076093842','',1,0),(1488,'32159816884','',1,0),(1489,'32191611893','',1,0),(1490,'32198288842','',1,0),(1491,'32246943191','',1,0),(1492,'32291199838','',1,0),(1493,'32476610852','',1,0),(1494,'32577092857','',1,0),(1495,'32618929861','',1,0),(1496,'32635489807','',1,0),(1497,'32653355850','',1,0),(1498,'32716163880','',1,0),(1499,'32742403892','',1,0),(1500,'32784653854','',1,0),(1501,'32793510815','',1,0),(1502,'32793880825','',1,0),(1503,'32939876800','',1,0),(1504,'32969995824','',1,0),(1505,'33063462845','',1,0),(1506,'33167843810','',1,0),(1507,'33169710842','',1,0),(1508,'33176000987','',1,0),(1509,'33205884949','',1,0),(1510,'33274752886','',1,0),(1511,'33314611803','',1,0),(1512,'33327139814','',1,0),(1513,'33357633868','',1,0),(1514,'33414827840','',1,0),(1515,'33517392812','',1,0),(1516,'33526285802','',1,0),(1517,'33543151800','',1,0),(1518,'33547614821','',1,0),(1519,'33597122850','',1,0),(1520,'33844935835','',1,0),(1521,'33890606857','',1,0),(1522,'33972013817','',1,0),(1523,'34016669839','',1,0),(1524,'34033344810','',1,0),(1525,'34156113884','',1,0),(1526,'34272513818','',1,0),(1527,'34374330836','',1,0),(1528,'34401926870','',1,0),(1529,'34405821836','',1,0),(1530,'34585355863','',1,0),(1531,'34589812843','',1,0),(1532,'34591896811','',1,0),(1533,'34669517805','',1,0),(1534,'34737376825','',1,0),(1535,'34753663809','',1,0),(1536,'34835833864','',1,0),(1537,'34914236869','marii-r-sc@hotmail.com',1,0),(1538,'34938065827','',1,0),(1539,'34938991810','',1,0),(1540,'34967279856','',1,0),(1541,'35094869604','',1,0),(1542,'35254895870','',1,0),(1543,'35298134866','',1,0),(1544,'35492869884','',1,0),(1545,'35535362840','',1,0),(1546,'35597471805','',1,0),(1547,'35694148843','jozimorais03@gmail.com',1,0),(1548,'35728696848','',1,0),(1549,'35733292849','',1,0),(1550,'35758189839','',1,0),(1551,'35760478834','',1,0),(1552,'35782633891','',1,0),(1553,'35797703815','',1,0),(1554,'35797819872','',1,0),(1555,'35797843820','',1,0),(1556,'35797894815','',1,0),(1557,'35860809808','',1,0),(1558,'35871191800','',1,0),(1559,'35964618804','',1,0),(1560,'36167436800','',1,0),(1561,'36226058803','',1,0),(1562,'36323104830','',1,0),(1563,'36372477807','',1,0),(1564,'36468770904','',1,0),(1565,'36539601859','',1,0),(1566,'36766100834','',1,0),(1567,'36917024813','',1,0),(1568,'36937064845','',1,0),(1569,'37020209858','',1,0),(1570,'37087576887','',1,0),(1571,'37087860844','',1,0),(1572,'37087924834','',1,0),(1573,'37088319853','',1,0),(1574,'37155495808','',1,0),(1575,'37156346857','',1,0),(1576,'37377178850','',1,0),(1577,'37402324800','',1,0),(1578,'37467010826','',1,0),(1579,'37656021833','',1,0),(1580,'37706838897','',1,0),(1581,'37745594812','',1,0),(1582,'37762495878','',1,0),(1583,'37770926815','',1,0),(1584,'37891161810','',1,0),(1585,'38158987818','',1,0),(1586,'38161630844','',1,0),(1587,'38166943816','',1,0),(1588,'38187477849','',1,0),(1589,'38275534828','',1,0),(1590,'38315586807','',1,0),(1591,'38635542800','',1,0),(1592,'38664941815','',1,0),(1593,'38724739804','',1,0),(1594,'38747433817','',1,0),(1595,'38748127825','',1,0),(1596,'38815467823','',1,0),(1597,'38930463800','',1,0),(1598,'38966006809','',1,0),(1599,'38985979892','',1,0),(1600,'39053895841','',1,0),(1601,'39074749887','anglenibiaziolo@gmail.com',1,0),(1602,'39127662829','',1,0),(1603,'39150313991','',1,0),(1604,'39215285857','',1,0),(1605,'39264168826','',1,0),(1606,'39433082869','',1,0),(1607,'39493334520','',1,0),(1608,'39629961849','',1,0),(1609,'39630064804','',1,0),(1610,'39630390868','',1,0),(1611,'39704144822','',1,0),(1612,'40107914891','',1,0),(1613,'40559009887','',1,0),(1614,'40559017804','',1,0),(1615,'40559149891','',1,0),(1616,'41254036865','',1,0),(1617,'41321910878','',1,0),(1618,'41438997876','',1,0),(1619,'41742046835','',1,0),(1620,'42480000834','',1,0),(1621,'42587220815','',1,0),(1622,'43161967828','',1,0),(1623,'43469090866','',1,0),(1624,'43720838587','',1,0),(1625,'44177933872','',1,0),(1626,'44463895804','',1,0),(1627,'44833369834','',1,0),(1628,'44942206804','',1,0),(1629,'44944390882','',1,0),(1630,'45109290644','',1,0),(1631,'45205450800','',1,0),(1632,'45266342803','',1,0),(1633,'45723427849','',1,0),(1634,'45921873691','',1,0),(1635,'46217010615','',1,0),(1636,'46354071870','',1,0),(1637,'46427574817','',1,0),(1638,'46674365904','',1,0),(1639,'47256036868','',1,0),(1640,'47344040891','',1,0),(1641,'48672734815','',1,0),(1642,'48738280825','',1,0),(1643,'48784273887','',1,0),(1644,'50960890610','',1,0),(1645,'51917084820','',1,0),(1646,'52111784834','',1,0),(1647,'52405540800','',1,0),(1648,'52957381834','',1,0),(1649,'53535200849','',1,0),(1650,'53566734853','',1,0),(1651,'53992571815','',1,0),(1652,'54973392804','',1,0),(1653,'54973872849','',1,0),(1654,'54973880868','',1,0),(1655,'54973910872','',1,0),(1656,'54973929891','',1,0),(1657,'54973953849','',1,0),(1658,'54974062891','',1,0),(1659,'54974488872','',1,0),(1660,'54974518887','',1,0),(1661,'54975123800','',1,0),(1662,'54975220849','',1,0),(1663,'54975255804','',1,0),(1664,'54975271834','',1,0),(1665,'54975468891','',1,0),(1666,'54975743868','',1,0),(1667,'54975778815','',1,0),(1668,'54976120830','',1,0),(1669,'54976146804','',1,0),(1670,'54976154815','',1,0),(1671,'54976413853','',1,0),(1672,'54976618820','',1,0),(1673,'54976634868','',1,0),(1674,'54976693872','',1,0),(1675,'54976790800','',1,0),(1676,'54976839834','',1,0),(1677,'54976944891','',1,0),(1678,'54977053834','',1,0),(1679,'54977126815','',1,0),(1680,'54977150872','',1,0),(1681,'54977177800','',1,0),(1682,'55055451815','',1,0),(1683,'55351220687','',1,0),(1684,'55352537820','',1,0),(1685,'55494773868','',1,0),(1686,'56138520815','',1,0),(1687,'56608241887','',1,0),(1688,'56633890834','',1,0),(1689,'57100837804','',1,0),(1690,'57167320897','',1,0),(1691,'57173850568','',1,0),(1692,'57567425815','',1,0),(1693,'57683182834','',1,0),(1694,'57711542887','',1,0),(1695,'58068902872','',1,0),(1696,'58466223800','',1,0),(1697,'58468994804','',1,0),(1698,'58570500904','',1,0),(1699,'59123648872','',1,0),(1700,'59210486820','',1,0),(1701,'59394021868','',1,0),(1702,'59394080872','',1,0),(1703,'59394153853','',1,0),(1704,'59394587853','',1,0),(1705,'59409495849','',1,0),(1706,'59416866849','',1,0),(1707,'60151080968','',1,0),(1708,'60534273815','',1,0),(1709,'60643757520','',1,0),(1710,'60868740853','',1,0),(1711,'60959312820','',1,0),(1712,'61032581891','',1,0),(1713,'61078301891','',1,0),(1714,'62354388853','',1,0),(1715,'62405675900','',1,0),(1716,'62442775891','',1,0),(1717,'62442791820','',1,0),(1718,'62442880849','',1,0),(1719,'62442899868','',1,0),(1720,'62443666891','',1,0),(1721,'62792229853','',1,0),(1722,'63090139804','',1,0),(1723,'63568578972','',1,0),(1724,'64608000810','',1,0),(1725,'64765849449','',1,0),(1726,'65817192853','',1,0),(1727,'66497256849','',1,0),(1728,'66510538849','',1,0),(1729,'66558417804','',1,0),(1730,'67629040849','',1,0),(1731,'67639828872','',1,0),(1732,'68039441820','',1,0),(1733,'68190565672','',1,0),(1734,'68247265834','',1,0),(1735,'69595208434','',1,0),(1736,'69610355820','',1,0),(1737,'69628599887','',1,0),(1738,'71505121868','',1,0),(1739,'71534270825','',1,0),(1740,'71542655820','',1,0),(1741,'71545522804','',1,0),(1742,'71586571834','',1,0),(1743,'71769838872','',1,0),(1744,'71771239891','',1,0),(1745,'71773118820','',1,0),(1746,'71776117891','',1,0),(1747,'71777024820','',1,0),(1748,'71777504872','',1,0),(1749,'71778063853','',1,0),(1750,'71778136834','',1,0),(1751,'71778683800','',1,0),(1752,'71779345887','',1,0),(1753,'71780424868','',1,0),(1754,'71781854815','',1,0),(1755,'71784314820','',1,0),(1756,'71785256815','',1,0),(1757,'71785540882','',1,0),(1758,'71785744887','',1,0),(1759,'71786546868','',1,0),(1760,'71787054853','',1,0),(1761,'71788727800','',1,0),(1762,'71789545820','',1,0),(1763,'71790047820','',1,0),(1764,'71790543800','',1,0),(1765,'71822313872','',1,0),(1766,'71838260820','',1,0),(1767,'71959238868','',1,0),(1768,'72180277849','',1,0),(1769,'72323280872','',1,0),(1770,'73162027772','',1,0),(1771,'73706310872','',1,0),(1772,'74338323868','',1,0),(1773,'74338455853','',1,0),(1774,'74338579820','',1,0),(1775,'74338676868','',1,0),(1776,'74338749849','',1,0),(1777,'74338854804','',1,0),(1778,'74338889853','',1,0),(1779,'74338897872','',1,0),(1780,'74339001872','',1,0),(1781,'74339168815','',1,0),(1782,'74339451800','',1,0),(1783,'74339729868','',1,0),(1784,'74339761834','',1,0),(1785,'74339940844','',1,0),(1786,'74416677804','',1,0),(1787,'74573675868','',1,0),(1788,'74573764887','',1,0),(1789,'74573799834','',1,0),(1790,'74573934804','',1,0),(1791,'74573969853','',1,0),(1792,'74574191872','',1,0),(1793,'74574400897','',1,0),(1794,'74634097834','',1,0),(1795,'74634186853','',1,0),(1796,'74634224887','',1,0),(1797,'74634445891','',1,0),(1798,'74634780844','',1,0),(1799,'74634844834','',1,0),(1800,'74634984849','',1,0),(1801,'74635107868','',1,0),(1802,'74635271820','',1,0),(1803,'74635786820','',1,0),(1804,'75581698872','',1,0),(1805,'76260003668','',1,0),(1806,'76310671804','',1,0),(1807,'76838374820','',1,0),(1808,'77096096868','',1,0),(1809,'77119908804','',1,0),(1810,'77443233868','',1,0),(1811,'77686616800','',1,0),(1812,'77777077872','',1,0),(1813,'78648777887','',1,0),(1814,'80889115834','',1,0),(1815,'81391218868','',1,0),(1816,'81893523691','',1,0),(1817,'81935366815','',1,0),(1818,'82246378834','',1,0),(1819,'82248109849','',1,0),(1820,'82248745834','',1,0),(1821,'82248761872','',1,0),(1822,'82248818815','',1,0),(1823,'82249784868','',1,0),(1824,'82250375887','',1,0),(1825,'82260940897','',1,0),(1826,'82561931900','',1,0),(1827,'82821356404','',1,0),(1828,'82956839853','',1,0),(1829,'83222138672','',1,0),(1830,'83303944849','',1,0),(1831,'83304070800','',1,0),(1832,'83304126872','',1,0),(1833,'83304266887','',1,0),(1834,'83304410830','',1,0),(1835,'83304517804','',1,0),(1836,'83327100810','',1,0),(1837,'83327126887','',1,0),(1838,'83327223815','',1,0),(1839,'83327649804','',1,0),(1840,'83327673853','',1,0),(1841,'83327770891','',1,0),(1842,'83327797820','',1,0),(1843,'83354930810','',1,0),(1844,'83354956887','',1,0),(1845,'83355014834','',1,0),(1846,'83355154849','',1,0),(1847,'83355162868','',1,0),(1848,'83355316849','',1,0),(1849,'83355367834','',1,0),(1850,'83355421804','',1,0),(1851,'84358955649','',1,0),(1852,'84365048600','',1,0),(1853,'84550023872','',1,0),(1854,'85011746887','',1,0),(1855,'85461849849','',1,0),(1856,'85566497853','',1,0),(1857,'85684341853','',1,0),(1858,'86191942834','',1,0),(1859,'86192043868','',1,0),(1860,'86192167834','',1,0),(1861,'86192272891','',1,0),(1862,'86192280800','',1,0),(1863,'86192493804','',1,0),(1864,'86192515891','karlamayese@hotmail.com',1,0),(1865,'86192612820','',1,0),(1866,'86192639868','',1,0),(1867,'86192671834','',1,0),(1868,'86192795800','',1,0),(1869,'86192868891','',1,0),(1870,'86192892849','',1,0),(1871,'86192973849','',1,0),(1872,'86193015868','',1,0),(1873,'86193074872','',1,0),(1874,'86193180800','',1,0),(1875,'86193252800','',1,0),(1876,'86193490825','',1,0),(1877,'86193503820','',1,0),(1878,'86193511849','',1,0),(1879,'86193619887','',1,0),(1880,'86193651853','',1,0),(1881,'86193660844','silboze@hotmail.com',1,0),(1882,'86194232820','',1,0),(1883,'86194240849','',1,0),(1884,'86194275804','',1,0),(1885,'86194488891','',1,0),(1886,'86194585820','',1,0),(1887,'86194755849','',1,0),(1888,'86194763868','',1,0),(1889,'86194810882','',1,0),(1890,'86194895853','',1,0),(1891,'86195000825','',1,0),(1892,'86195034800','',1,0),(1893,'86195069868','',1,0),(1894,'86195093815','',1,0),(1895,'86195131849','',1,0),(1896,'86195379891','',1,0),(1897,'86272551800','',1,0),(1898,'86291467887','',1,0),(1899,'86407589800','',1,0),(1900,'86611356800','',1,0),(1901,'86631020891','',1,0),(1902,'86633880804','',1,0),(1903,'86973746853','',1,0),(1904,'87480026820','',1,0),(1905,'88290700849','',1,0),(1906,'88498786568','',1,0),(1907,'89383990520','',1,0),(1908,'89436326815','',1,0),(1909,'89483413834','',1,0),(1910,'89961609891','',1,0),(1911,'89967933453','',1,0),(1912,'90393597849','',1,0),(1913,'90585950806','',1,0),(1914,'91164338820','',1,0),(1915,'91203368887','',1,0),(1916,'92572286815','',1,0),(1917,'92838987453','',1,0),(1918,'92907326600','',1,0),(1919,'92953379134','',1,0),(1920,'93032137853','',1,0),(1921,'93032331820','',1,0),(1922,'93032382815','',1,0),(1923,'93032668891','',1,0),(1924,'93032692849','',1,0),(1925,'93032706815','',1,0),(1926,'93032994853','',1,0),(1927,'93033354815','',1,0),(1928,'93033583849','',1,0),(1929,'93033656820','',1,0),(1930,'93033737820','',1,0),(1931,'93033745849','',1,0),(1932,'93033842887','',1,0),(1933,'93034032820','',1,0),(1934,'93034164815','',1,0),(1935,'93034601891','',1,0),(1936,'93034733887','',1,0),(1937,'93034741804','',1,0),(1938,'93034750897','',1,0),(1939,'93034768834','',1,0),(1940,'93034822804','',1,0),(1941,'93034865872','',1,0),(1942,'93819013920','',1,0),(1943,'93947739834','',1,0),(1944,'94575509868','',1,0),(1945,'94980950868','',1,0),(1946,'95377638891','',1,0),(1947,'95385932868','',1,0),(1948,'95431756834','',1,0),(1949,'95500782487','',1,0),(1950,'95745025891','Thaislamay14@gmail.com',1,0),(1951,'95852310859','',1,0),(1952,'96387572800','',1,0),(1953,'96396407868','',1,0),(1954,'96425806834','',1,0),(1955,'96561343891','',1,0),(1956,'96712058872','',1,0),(1957,'96862076868','',1,0),(1958,'96862432834','',1,0),(1959,'96862459872','',1,0),(1960,'96862866834','',1,0),(1961,'96863790882','',1,0),(1962,'96865466853','',1,0),(1963,'96865474872','',1,0),(1964,'96865890825','',1,0),(1965,'96867175872','',1,0),(1966,'97155101087','',1,0),(1967,'97255696872','',1,0),(1968,'97316091800','',1,0),(1969,'97330302872','',1,0),(1970,'97923028834','',1,0),(1971,'97923346887','',1,0),(1972,'97923354804','',1,0),(1973,'97923591849','',1,0),(1974,'97923630844','',1,0),(1975,'97923737800','',1,0),(1976,'97923800863','',1,0),(1977,'97923885834','',1,0),(1978,'97924105891','',1,0),(1979,'97924660887','',1,0),(1980,'97924822887','',1,0),(1981,'97924865853','',1,0),(1982,'97924903887','',1,0),(1983,'97924946853','',1,0),(1984,'97925012820','',1,0),(1985,'97925063815','',1,0),(1986,'97925390859','',1,0),(1987,'97925462868','',1,0),(1988,'97925535849','',1,0),(1989,'97925594853','',1,0),(1990,'97926035815','',1,0),(1991,'97926175820','',1,0),(1992,'97926272868','',1,0),(1993,'97926345849','',1,0),(1994,'97984795800','',1,0),(1995,'97994731872','',1,0),(1996,'98125907815','',1,0),(1997,'98126342820','',1,0),(1998,'98126458887','',1,0),(1999,'98126504820','',1,0),(2000,'98126725834','',1,0),(2001,'98126768800','',1,0),(2002,'98126784849','',1,0),(2003,'98127047872','',1,0),(2004,'98127055891','',1,0),(2005,'98127225800','',1,0),(2006,'98127314820','',1,0),(2007,'98127438804','',1,0),(2008,'98127470872','',1,0),(2009,'98127497800','',1,0),(2010,'98127543853','',1,0),(2011,'98127551872','',1,0),(2012,'98127853887','',1,0),(2013,'98128043820','',1,0),(2014,'98128140868','',1,0),(2015,'98128213849','',1,0),(2016,'98128302868','',1,0),(2017,'98128396820','',1,0),(2018,'98128515853','',1,0),(2019,'98128523872','',1,0),(2020,'98128604872','',1,0),(2021,'98128710800','',1,0),(2022,'98128833804','',1,0),(2023,'98128930834','',1,0),(2024,'98129066815','',1,0),(2025,'98129139804','',1,0),(2026,'98129228815','',1,0),(2027,'98193007891','',1,0),(2028,'98911155853','',1,0),(2029,'99789655800','',1,0),(2030,'30172371848','',1,0),(2031,'15479233858','',1,0),(2032,'20072971835','',1,0),(2033,'12485179891','',1,0),(2034,'12220236870','',1,0),(2035,'35758189839','',1,0),(2036,'92547940159','',1,0),(2037,'03497324850','',1,0),(2038,'03675291812','',1,0),(2039,'12359197819','',1,0),(2040,'17757478839','',1,0),(2041,'04277533841','',1,0),(2042,'20313519900','',1,0),(2043,'19165841875','',1,0),(2044,'30566490803','',1,0),(2045,'98126571853','',1,0),(2046,'96864532887','',1,0),(2047,'09460017827','',1,0),(2048,'14192312867','',1,0),(2049,'52446476872','',1,0),(2050,'71772014834','',1,0),(2051,'14091020844','',1,0),(2052,'17559225829','',1,0),(2053,'01620970856','',1,0),(2054,'17163419813','',1,0),(2055,'17163419813','',1,0),(2056,'02784062899','',1,0),(2057,'54973546887','',1,0),(2058,'11535039809','',1,0),(2059,'02929402890','',1,0),(2060,'11533235830','',1,0),(2061,'02775124844','',1,0),(2062,'25364710807','',1,0),(2063,'44399901853','',1,0),(2064,'04118996863','',1,0),(2065,'74635301834','',1,0),(2066,'36508304852','',1,0),(2067,'02803417847','',1,0),(2068,'13880487871','',1,0),(2069,'02923705807','',1,0),(2070,'86192957800','',1,0),(2071,'71773649868','',1,0),(2072,'10988377896','',1,0),(2073,'71783989815','',1,0),(2074,'31070354830','',1,0),(2075,'29768738871','',1,0),(2076,'92999379820','',1,0),(2077,'02029300845','',1,0),(2078,'03883212881','',1,0),(2079,'08850834829','',1,0),(2080,'29632144805','',1,0),(2081,'91619513820','',1,0),(2082,'38036932849','',1,0),(2083,'42670560806','',1,0),(2084,'04101252882','',1,0),(2085,'08691787848','',1,0),(2086,'25223448898','',1,0),(2087,'03413784889','',1,0),(2088,'74635409872','',1,0),(2089,'17559190855','',1,0),(2090,'16804519876','',1,0),(2091,'64794865872','',1,0),(2092,'33556259818','kias44@hotmail.com',1,0),(2093,'05588916832','',1,0),(2094,'17154515899','',1,0),(2095,'01621717810','',1,0),(2096,'27669087811','',1,1),(2097,'74656180882','',1,0),(2098,'04582533833','',1,0),(2099,'07492431805','',1,0),(2100,'03477234898','',1,0),(2101,'41256166472','',1,0),(2102,'96867647804','',1,0),(2103,'15460266491','',1,0),(2104,'04390114859','',1,0),(2105,'17154458801','',1,0),(2106,'01637068832','',1,0),(2107,'19164085830','',1,0),(2108,'11694168883','',1,0),(2109,'06588641818','',1,0),(2110,'12333765860','',1,0),(2111,'11536841870','',1,0),(2112,'39798763815','',1,0),(2113,'35364971600','',1,0),(2114,'05237686800','',1,0),(2115,'11533874840','',1,0),(2116,'54974283804','',1,0),(2117,'97994740863','',1,0),(2118,'16797008808','',1,0),(2119,'05898663894','',1,0),(2120,'17163630808','',1,0),(2121,'74574353872','',1,0),(2122,'19041370838','',1,0),(2123,'05898258876','',1,0),(2124,'05044066800','',1,0),(2125,'16804514807','',1,0),(2126,'12377892817','',1,0),(2127,'54976588815','',1,0),(2128,'05898308806','',1,0),(2129,'12330409877','',1,0),(2130,'02784511871','',1,0),(2131,'82248206887','',1,0),(2132,'83327029849','',1,0),(2133,'02775119840','',1,0),(2134,'30694418820','',1,0),(2135,'93032242800','',1,0),(2136,'06298845879','',1,0),(2137,'23996358849','',1,0),(2138,'03675344878','',1,0),(2139,'07993639875','',1,0),(2140,'02775538819','',1,0),(2141,'03735115829','',1,0),(2142,'71777350891','',1,0),(2143,'03959714890','',1,0),(2144,'02784295800','',1,0),(2145,'86633619804','',1,0),(2146,'55352308804','',1,0),(2147,'60372478891','',1,0),(2148,'17163458800','',1,0),(2149,'98128299891','',1,0),(2150,'16804460880','',1,0),(2151,'54976960820','',1,0),(2152,'19041351884','',1,0),(2153,'12593451815','',1,0),(2154,'26318393820','',1,0),(2155,'00216562821','',1,0),(2156,'00723122466','',1,0),(2157,'96862556800','',1,0),(2158,'55230601868','',1,0),(2159,'17757700876','',1,0),(2160,'03394999820','',1,0),(2161,'03150942810','',1,0),(2162,'25244293850','',1,0),(2163,'11535998806','',1,0),(2164,'02776347847','',1,0),(2165,'29011860845','',1,0),(2166,'29107663811','',1,0),(2167,'20072972807','',1,0),(2168,'11009056859','',1,0),(2169,'02800481811','',1,0),(2170,'01641770864','',1,0),(2171,'71529195853','',1,0),(2172,'02776305842','',1,0),(2173,'01637212895','',1,0),(2174,'03183665840','',1,0),(2175,'19541048803','',1,0),(2176,'98128698834','',1,0),(2177,'98128647849','',1,0),(2178,'11535732881','',1,0),(2179,'11535732881','',1,0),(2180,'02776331843','',1,0),(2181,'10990737829','',1,0),(2182,'02775372821','',1,0),(2183,'06298935860','',1,0),(2184,'01641892897','',1,0),(2185,'27667575894','',1,0),(2186,'03959462808','',1,0),(2187,'24784175881','',1,0),(2188,'84300388849','',1,0),(2189,'02800494808','',1,0),(2190,'00690539878','',1,0),(2191,'04716122867','',1,0),(2192,'62443240800','',1,0),(2193,'03078879879','',1,0),(2194,'32218393832','s.palarmido@yahoo.com.br',1,0),(2195,'31831120860','',1,0),(2196,'17757583896','',1,0),(2197,'10990714888','',1,0),(2198,'05013397871','',1,0),(2199,'02784985822','',1,0),(2200,'12378183895','',1,0),(2201,'47829710953','',1,0),(2202,'05729778830','',1,0),(2203,'92360351834','',1,0),(2204,'16077023809','',1,0),(2205,'30140157840','',1,0),(2206,'12359893807','',1,0),(2207,'17559242839','',1,0),(2208,'02775363830','',1,0),(2209,'90655460810','',1,0),(2210,'86192442800','',1,0),(2211,'38664879834','',1,0),(2212,'02775498841','',1,0),(2213,'54974747800','',1,0),(2214,'03959715862','',1,0),(2215,'13951463813','',1,0),(2216,'04694008897','',1,0),(2217,'11534543864','',1,0),(2218,'11534873813','',1,0),(2219,'11551081830','',1,0),(2220,'93033648800','',1,0),(2221,'11375363816','',1,0),(2222,'02776019831','',1,0),(2223,'02776019831','',1,0),(2224,'30244216886','',1,0),(2225,'04118989816','',1,0),(2226,'86192663815','',1,0),(2227,'78256925949','',1,0),(2228,'17572717837','',1,0),(2229,'02784474810','',1,0),(2230,'02775150845','',1,0),(2231,'93033320830','',1,0),(2232,'93033320830','',1,0),(2233,'03582666883','',1,0),(2234,'19041319808','',1,0),(2235,'86192833834','',1,0),(2236,'03582635813','',1,0),(2237,'28173577870','',1,0),(2238,'97925403853','',1,0),(2239,'03182245856','',1,0),(2240,'54977088891','',1,0),(2241,'15479219863','',1,0),(2242,'09217503827','',1,0),(2243,'97924539891','',1,0),(2244,'10473351820','',1,0),(2245,'02803457806','',1,0),(2246,'98127390844','',1,0),(2247,'12220243818','',1,0),(2248,'12220243818','',1,0),(2249,'66394910872','',1,0),(2250,'14784498885','',1,0),(2251,'12378200811','',1,0),(2252,'06298881832','',1,0),(2253,'25811426852','',1,0),(2254,'66422493800','',1,0),(2255,'30772414807','',1,0),(2256,'02045233898','',1,0),(2257,'86192698872','',1,0),(2258,'86192701849','',1,0),(2259,'86194283815','',1,0),(2260,'02775838880','',1,0),(2261,'24860627857','',1,0),(2262,'86193384804','',1,0),(2263,'26318938834','',1,0),(2264,'08137521836','',1,0),(2265,'11505962870','',1,0),(2266,'11505962870','',1,0),(2267,'27638296869','',1,0),(2268,'18089101844','',1,0),(2269,'07469714863','',1,0),(2270,'98125974849','',1,0),(2271,'25973038882','',1,0),(2272,'27506571803','',1,0),(2273,'05389698819','',1,0),(2274,'21988031869','',1,0),(2275,'11534455817','',1,0),(2276,'17773104824','',1,0),(2277,'17757456860','',1,0),(2278,'74352334472','',1,0),(2279,'48069469820','',1,0),(2280,'02775327877','',1,0),(2281,'30695252887','',1,0),(2282,'93035080844','',1,0),(2283,'13951086840','',1,0),(2284,'04963631822','',1,0),(2285,'11939785804','',1,0),(2286,'30138062811','',1,0),(2287,'25138670840','',1,0),(2288,'12378497806','',1,0),(2289,'19203555889','',1,0),(2290,'24963553864','',1,0),(2291,'54975948834','',1,0),(2292,'09055079839','',1,0),(2293,'17559262864','',1,0),(2294,'25707188827','',1,0),(2295,'10990827810','',1,0),(2296,'21822761816','',1,0),(2297,'04745831803','',1,0),(2298,'13951469854','',1,0),(2299,'13951494883','',1,0),(2300,'02969597829','',1,0),(2301,'47448121120','',1,0),(2302,'26873105813','',1,0),(2303,'25011008835','',1,0),(2304,'30075928876','',1,0),(2305,'98126563834','',1,0),(2306,'27669773847','',1,0),(2307,'40709927827','',1,0),(2308,'11009334840','',1,0),(2309,'39386885808','',1,0),(2310,'29813767804','',1,0),(2311,'40669266817','',1,0),(2312,'11535263873','',1,0),(2313,'11535263873','',1,0),(2314,'26148157802','',1,0),(2315,'42059675863','',1,0),(2316,'32856854842','antoniocarlos_van@hotmail.com',1,0),(2317,'44125833842','gustavo@divpropaganda.com.br',1,0),(2318,'32843908809','',1,0),(2319,'10013100807','',1,0),(2320,'16797171890','',1,0),(2321,'06663327895','',1,0),(2322,'91227267800','',1,0),(2323,'34498544889','',1,0),(2324,'17559201806','',0,0),(2325,'15894488800','',1,0),(2326,'17572638880','',1,0),(2327,'11284944859','',1,0),(2328,'19463286853','',1,0),(2329,'06288924890','',1,0),(2330,'02775746845','',1,0),(2331,'00676455859','',1,0),(2332,'35356265875','michellytiago@gmail.com',1,0),(2333,'04302006846','',1,0),(2334,'22490898841','',1,0),(2335,'04537733896','',1,0),(2336,'60042850568','',1,0),(2337,'03036261869','',1,0),(2338,'02464168880','',1,0),(2339,'12334253820','',1,0),(2340,'39809305800','',1,0),(2341,'19090649808','',1,0),(2342,'17163584857','',1,0),(2343,'08492355883','',1,0),(2344,'13726100814','',1,0),(2345,'05269208822','',1,0),(2346,'41584739851','',1,0),(2347,'13966549840','',1,0),(2348,'08492345810','',1,0),(2349,'13686746824','',1,0),(2350,'17572978800','',1,0),(2351,'30564357812','',1,0),(2352,'24847360885','',1,0),(2353,'19163840804','',1,0),(2354,'18627596859','',1,0),(2355,'16746452875','',1,0),(2356,'16076881828','',1,0),(2357,'04253013899','',1,0),(2358,'12982565854','',1,0),(2359,'37169307847','',1,0),(2360,'26064377801','',1,0),(2361,'03276573830','',1,0),(2362,'17760914857','',1,0),(2363,'01722881852','',1,0),(2364,'03187644821','',1,0),(2365,'545798728-0','',1,0),(2366,'17163514808','',1,0),(2367,'09533660813','',1,0),(2368,'01621218813','',1,0),(2369,'31227239807','',1,0),(2370,'54579872800','lcrs29@gmail.com',1,0),(2371,'40015868869','',1,0),(2372,'19686245898','',1,0),(2373,'26403320823','',1,0),(2374,'98127128872','',1,0),(2375,'19656620801','',1,0),(2376,'26228043854','',1,0),(2377,'09199693801','',1,0),(2378,'05342458897','',1,0),(2379,'60403373891','',1,0),(2380,'11533618844','',1,0),(2381,'07688017882','',1,0),(2382,'11534562818','',1,0),(2383,'17157221837','',1,0),(2384,'11533473854','',1,0),(2385,'33646024844','',1,0),(2386,'02785802896','',1,0),(2387,'24981093829','',1,0),(2388,'01641886811','',1,0),(2389,'06298840800','',1,0),(2390,'03285728884','',1,0),(2391,'12330350880','',1,0),(2392,'20406067856','',1,0),(2393,'01622791835','',1,0),(2394,'34510348835','',1,0),(2395,'37500091800','',1,0),(2396,'17163464878','',1,0),(2397,'38661879809','',1,0),(2398,'11454198877','',1,0),(2399,'05898653821','',1,0),(2400,'78415969872','',1,0),(2401,'16797069858','',1,0),(2402,'07883446843','',1,0),(2403,'26012501862','',1,0),(2404,'12359848852','',1,0),(2405,'03012457895','',1,0),(2406,'16791588802','',1,0),(2407,'18800903843','',1,0),(2408,'40239541872','',1,0),(2409,'13951608803','',1,0),(2410,'53996895887','',1,0),(2411,'03763249885','',1,0),(2412,'32786877873','',1,0),(2413,'11540375684','',1,0),(2414,'33145125893','',1,0),(2415,'17572734847','',1,0),(2416,'33985436851','',1,0),(2417,'33297714883','',1,0),(2418,'10171679822','',1,0),(2419,'30217365809','',1,0),(2420,'37488727800','',1,0),(2421,'33536977804','',1,0),(2422,'02775488889','',1,0),(2423,'31326568876','',1,0),(2424,'18623426878','',1,0),(2425,'15490389826','',1,0),(2426,'06067874881','',1,0),(2427,'52111784834','',1,0),(2428,'06608049803','',1,0),(2429,'30575377828','',1,0),(2430,'14211802860','',1,0),(2431,'17157440806','',1,0),(2432,'71775943887','',1,0),(2433,'44313024840','',1,0),(2434,'33190761833','',1,0),(2435,'70040699587','',1,0),(2436,'47621095920','',1,0),(2437,'09777769482','',1,0),(2438,'14784487840','',1,0),(2439,'27899906890','',1,0),(2440,'06254784874','',1,0),(2441,'42354845839','',1,0),(2442,'32574189817','',1,0),(2443,'41516720873','',1,0),(2444,'38584472851','',1,0),(2445,'04446842803','',1,0),(2446,'34004598877','',1,0),(2447,'09593533800','',1,0),(2448,'04393037618','',1,0),(2449,'71838260820','',1,0),(2450,'13951401893','',1,0),(2451,'12330261861','',1,0),(2452,'28743568831','',1,0),(2453,'29538618823','',1,0),(2454,'12378541805','',1,0),(2455,'18705077893','',1,0),(2456,'25275287836','',1,0),(2457,'96867108849','',1,0),(2458,'00494866837','',1,0),(2459,'21344633846','',1,0),(2460,'02656369657','',1,0),(2461,'12377934838','',1,0),(2462,'07555509865','',1,0),(2463,'72427329800','',1,0),(2464,'65732855734','',1,0),(2465,'06437560860','',1,0),(2466,'26575529860','',1,0),(2467,'40204361850','Sorayaoliveira.bryan@gmail.com',1,0),(2468,'36193785841','',1,0),(2469,'02775075886','',1,0),(2470,'98209515720','',1,1),(2471,'98209515420','',1,0),(2472,'37995893841','',1,0),(2473,'06683077819','',1,0),(2474,'11009343831','',1,0),(2475,'61769061991','',1,0),(2476,'02776209886','',1,0),(2477,'07410466871','',1,0),(2478,'09483332869','',1,0),(2479,'26336424898','',1,0),(2480,'02353286852','',1,0),(2481,'00652278590','',1,0),(2482,'34628968810','',1,0),(2483,'40566251825','kelvin_maka@hotmail.com',1,0),(2484,'17163793855','',1,0),(2485,'13686833808','',1,0),(2486,'38405612807','',1,0),(2487,'36948354823','',1,0),(2488,'03190304823','',1,0),(2489,'51601494572','',1,0),(2490,'11534462864','',1,0),(2491,'98126857820','',1,0),(2492,'17757326818','',1,0),(2493,'97554162500','',1,0),(2494,'29888256882','',1,0),(2495,'09499463895','',1,0),(2496,'05735363840','',1,0),(2497,'24852739870','',1,0),(2498,'33087509884','',1,0),(2499,'15157449810','',1,0),(2500,'33063462845','',1,0),(2501,'29748501892','',1,0),(2502,'13951507888','',1,0),(2503,'13951127899','',1,0),(2504,'41388733846','',1,0),(2505,'17559466869','',1,0),(2506,'12377979858','',1,0),(2507,'01622407830','',1,0),(2508,'74801686834','',1,0),(2509,'01622010876','',1,0),(2510,'16076781874','',1,0),(2511,'26878284830','',1,0),(2512,'01219941808','',1,0),(2513,'35695074835','',1,0),(2514,'10990788814','',1,0),(2515,'41511010800','',1,0),(2516,'09593611894','',1,0),(2517,'12359922840','',1,0),(2518,'12378272804','',1,0),(2519,'11009150871','',1,0),(2520,'25500886894','',1,0),(2521,'59703229468','dinda.isabelly21@gmail.com',1,0),(2522,'14836342805','',1,0),(2523,'32994679809','',1,0),(2524,'05389710886','',1,0),(2525,'37061591803','',1,0),(2526,'35680828880','',1,0),(2527,'30213641879','',1,0),(2528,'19041054839','',1,0),(2529,'29723853817','',1,0),(2530,'82249509849','',1,0),(2531,'12220225836','',1,0),(2532,'43325385877','',1,0),(2533,'07700184836','',1,0),(2534,'25799351851','',1,0),(2535,'68584156615','caliluxerox@gmail.com',1,0),(2536,'41568276826','fernandarissi16@gmail.com',1,0),(2537,'36139260833','',1,0),(2538,'07493184810','',1,0),(2539,'05898670831','',1,0),(2540,'12525739876','',1,0),(2541,'39080245879','amanda_roque2012@hotmail.com',1,0),(2542,'02784474810','',1,0),(2543,'03618422873','',1,0),(2544,'37796672829','',1,0),(2545,'09199693801','',1,0),(2546,'32917753084','',1,0),(2547,'05898252832','',1,0),(2548,'03497302880','',1,0),(2549,'36819721846','',1,0),(2550,'36552101830','',1,0),(2551,'28474744806','',1,0),(2552,'00903209802','',1,0),(2553,'28807893894','',1,0),(2554,'02664705806','',1,0),(2555,'28692807850','camilamalmeida4@gmail.com',1,0),(2556,'09460022820','',1,0),(2557,'05289495882','',1,0),(2558,'03474134809','',1,0),(2559,'28377903890','',1,0),(2560,'42670539874','gabivitoretti2@hotmail.com',1,0),(2561,'25539151879','',1,0),(2562,'05042733884','bruhnnissantos@gmail.com',1,0),(2563,'98128647849','',1,0),(2564,'02785084802','jaurelio2008.jab@gmail.com',1,0),(2565,'17757443881','',1,0),(2566,'29765839863','',1,0),(2567,'54975220849','',1,0),(2568,'13966384825','',1,0),(2569,'34369347807','',1,0),(2570,'33763105808','',1,0),(2571,'27103142823','',1,0),(2572,'19203585877','',1,0),(2573,'15150985830','',1,0),(2574,'26006787865','',1,0),(2575,'04377259873','',1,0),(2576,'80414028791','',1,0),(2577,'11533162859','',1,0),(2578,'03394103451','',1,0),(2579,'02776257856','',1,0),(2580,'30522176828','',1,0),(2581,'46981276372','',1,0),(2582,'07834875841','',1,0),(2583,'36937064845','',1,0),(2584,'19168815808','',1,0),(2585,'12050216807','',1,0),(2586,'16797366801','',1,0),(2587,'16746484807','',1,0),(2588,'34585355863','',1,0),(2589,'23068725895','',1,0),(2590,'11533678820','jainecmmello@gmail.com',1,0),(2591,'05934655809','mmda51porto@gmail.com',1,0),(2592,'12330335814','',1,0),(2593,'29983004801','',1,0),(2594,'38930463800','',1,0),(2595,'74574400897','',1,0),(2596,'09483361885','',1,0),(2597,'12330335814','',1,0),(2598,'02785353803','',1,0),(2599,'33122118831','',1,0),(2600,'15708847816','',1,0),(2601,'02199003884','',1,0),(2602,'11541435893','',1,0),(2603,'24871220800','',1,0),(2604,'10961539631','',1,0),(2605,'22168110840','',1,0),(2606,'14738607847','',1,0),(2607,'38326749850','',1,0),(2608,'10657774855','',1,0),(2609,'05686049890','',1,0),(2610,'08458454890','',1,0),(2611,'06948823807','',1,0),(2612,'28506599867','',1,0),(2613,'02776274866','',1,0),(2614,'36917016802','',1,0),(2615,'26915207813','',1,0),(2616,'28194842808','',1,0),(2617,'23593573873','',1,0),(2618,'97925080825','',1,0),(2619,'17159617819','',1,0),(2620,'21721155848','',1,0),(2621,'11541435893','',1,0),(2622,'04942254833','',1,0),(2623,'17773149844','',1,0),(2624,'27517237802','',1,0),(2625,'21516154304','',1,0),(2626,'31622273800','',1,0),(2627,'32737835836','',1,0),(2628,'11422015890','',1,0),(2629,'41457521806','',1,0),(2630,'12330335814','rocristal@outlook.com',1,0),(2631,'30668503823','',1,0),(2632,'09593625844','',1,0),(2633,'30706687809','',1,0),(2634,'16804382803','',1,0),(2635,'05375075057','',1,0),(2636,'196040279','',1,0),(2637,'02775745873','',1,0),(2638,'31254975829','',1,0),(2639,'28495697807','',1,0),(2640,'09593821864','',1,0),(2641,'12378477880','',1,0),(2642,'63531631853','',1,0),(2643,'11580805817','',1,0),(2644,'36153829864','',1,0),(2645,'35985158802','',1,0),(2646,'24756570810','',1,0),(2647,'71784314820','',1,0),(2648,'32272322867','',1,0),(2649,'62443240800','',1,0);
/*!40000 ALTER TABLE `clientes` ENABLE KEYS */;
UNLOCK TABLES;

--
-- Table structure for table `contato`
--

DROP TABLE IF EXISTS `contato`;
/*!40101 SET @saved_cs_client     = @@character_set_client */;
/*!40101 SET character_set_client = utf8 */;
CREATE TABLE `contato` (
  `id` int(11) NOT NULL AUTO_INCREMENT,
  `email` varchar(255) DEFAULT NULL,
  `nome` varchar(255) DEFAULT NULL,
  `unidade` varchar(255) DEFAULT NULL,
  `telefone` varchar(255) DEFAULT NULL,
  `cidade` varchar(255) DEFAULT NULL,
  `mensagem` text DEFAULT NULL,
  PRIMARY KEY (`id`) USING BTREE
) ENGINE=InnoDB AUTO_INCREMENT=309 DEFAULT CHARSET=latin1;
/*!40101 SET character_set_client = @saved_cs_client */;

--
-- Dumping data for table `contato`
--

LOCK TABLES `contato` WRITE;
/*!40000 ALTER TABLE `contato` DISABLE KEYS */;
INSERT INTO `contato` (`id`, `email`, `nome`, `unidade`, `telefone`, `cidade`, `mensagem`) VALUES (1,'rodrigo.cuenca@hotmail.com','Rodrigo Cuenca','descalvado','(19) 35836531','descalvado','teste1'),(2,'rodrigo.cuenca@hotmail.com','Rodrigo Cuenca','descalvado','(19) 35836531','descalvado','teste1'),(3,'rodrigo.cuenca@hotmail.com','Rodrigo Cuenca','descalvado','(19) 35836531','descalvado','teste1'),(4,'rodrigo.cuenca@hotmail.com','Rodrigo Cuenca','descalvado','(19) 35836531','descalvado','teste1'),(5,'rodrigo.cuenca@hotmail.com','Rodrigo Cuenca','portoferreira','(19) 35836531','porto ferreira','teste2'),(6,'gustavo@divpropaganda.com.br','Gustavo','descalvado','(16) 981759063','Porto Ferreira','Teste formulrio de contato.'),(7,'rodrigo.cuenca@hotmail.com','Rodrigo Cuenca','descalvado','(19) 35836531','descalvado','teste1'),(8,'rodrigo.cuenca@hotmail.com','Rodrigo Cuenca','portoferreira','(19) 35836531','porto ferreira','teste2'),(9,'gustavo@divpropaganda.com.br','Gustavo','portoferreira','(16) 981759063','Porto Ferreira','Teste de contato pelo site.'),(10,'gustavo@divpropaganda.com.br','Gustavo','descalvado','(17) 981759063','Porto Ferreira','Teste de mensagem para Descalvado.'),(11,'fernandarissi16@gmail.com','Fernanda','descalvado','(19) 35835225','descalvado','Ol '),(12,'janssenpsantos@hotmail.com','Janssen Paiva','descalvado','(82) 988102184','AL','Ol.. muito boa noite!\r\nGostaria de saber se ainda tenho algum tipo de vnculo com vocs;\r\nJanssen de Andrade Paiva Santos\r\nCPF: 049 861 964 80\r\nTrabalhei a nos atrs na KIBON SORVANE.\r\ndesde j grato pela ateno.'),(13,'carlalanzelloti@bol.com.br','carla','portoferreira','(19) 982909058','Porto Ferreira','Ola boa tarde gostaria de saber o valor do plano de cremao.  '),(14,'luciaarrozio15@gmail.com','Lucia Helena Scapim','descalvado','(19) 35837842','DESCALVADO','Por favor gostaria que cadastrasse meu e-mail,para que ns possamos acessar a pagina de convenios.OBRIGADA. O titular do conveniado  Jos Eduardo Arrozio.'),(15,'nataekelen@hotmail.com','KELEN KARINA BRAGHIN SOUZA','descalvado','(11) 987300961','DESCALVADO','BOM DIA!!!\r\n\r\nGOSTARIA DE UM BOLETO ATUALIZADO PRA DATA DE HOJE POR FAVOR\r\n\r\nKELEN KARINA BRAGHIN SOUZA\r\n\r\nCPF 315.902.718-07\r\n\r\nGRATO'),(16,'adeliaguedesrodrigues@gmail.com','Adelia Guedes Rodrigues','descalvado','(16) 993650572','So Carlos','De sejo que enviem o meu carn de pagamentos para o novo endereo.Rua Itlia n 0338 Vila Prado cep13574240 So Carlos SP'),(17,'bioodontomedic@hotmail.com','BIO ODONTOMEDIC LTDA','descalvado','(51) 33468315','PORTO ALEGRE','Solicitamos credenciamento da Bio Odontomedic como Clnica Mdica, Odontolgica e Fisioterapia junto a UNIPREV.\r\n\r\nEstamos a disposio para eventuais esclarecimentos.\r\n\r\nDesde j agradecemos.\r\n\r\nAtt.\r\n\r\nEdson Martins\r\n\r\nGestor/Bio Odontomedic\r\n\r\ne-mail: bioodontomedic@hotmail.com\r\n\r\nFone: 51 - 3346-8315\r\n\r\nAv. Cavalhada, 3168 - Lj 103.\r\n\r\nPOA/RS\r\n'),(18,'lcrs29@bol.com.br','Luiz Carlos Rodrigues da Silva','portoferreira','(19) 35811929','Porto Ferreira','Recebi o carn para pagamento das mensalidades com vencimentos para 10/01/17  10/04/17.\r\nMas ao tentar colocar em debito automtico no Banco Ita pela internet os cdigos das barras no esta sendo aceito. Como o carn anterior estava em debito automtico no Banco Ita, gostaria de manter do mesmo jeito anterior. Favor informar se  possvel. Aguardo vosso esclarecimento.'),(19,'anunciesacodepao@hotmail.com','Marcos','descalvado','(19) 997699275','Porto Ferreira','Boa tarde...Estou com a 2 tiragem de propaganda em saco de po em Porto Ferreira, so 20.000 embalagens com sua marca!!!propaganda por no mnimo 3 meses de divulgao; cada espao sai por R$ 300,00.'),(20,'anunciesacodepao@hotmail.com','Marcos','descalvado','(19) 997699275','Porto Ferreira','Boa tarde...Estou com a 2 tiragem de propaganda em saco de po em Porto Ferreira, so 20.000 embalagens com sua marca!!!propaganda por no mnimo 3 meses de divulgao; cada espao sai por R$ 300,00.'),(21,'jailton2006rr@gmail.com','JAILTON RODRIGUES RAYMUNDO','descalvado','(22) 988521516','araruama rj','Boa tarde , meu tio faleceu a pouco tempo e ele pagava  a uniprevi previdencia, como minha tia tia nao entende do assunto, gostaria de saber como fao para que ela receba esse seguro?\r\nO nome dele era Paulo Domingues cpf.639904157-00, se precisarem, escaneio os documentos dele e mando pra voces. Desde ja agradeo'),(22,'rosarusca@hotmail.com','Rosa Maria Dupas Nocenzo Rusca','descalvado','(13) 997356772','Santos/SP','Bom dia\r\nEstou sem o novo boleto para pagamento. Gostaria que me enviassem peo correio.\r\nRua Teixeira de Freitas n 05/12 \r\nCampo grande / Santos / SP\r\n\r\nCep 11075720\r\n\r\nGrata'),(23,'lcrs29@bol.com.br','Luiz Carlos Rodrigues da Silva','descalvado','(19) 35811929','Porto Ferreira','Tentei me cadastrar no site, mas informa no aceitar meu CPF, e eu tenho plano com meu CPF: \r\n545798728-00'),(24,'ellen_04vianna@hotmail.com','Ellen Viana de Souza ','descalvado','(11) 26491807','So Paulo ','Boa Tarde, sou estudante de biomedicina e estou cursando o 3 semestre de faculdade, gostaria de uma oportunidade de um estgio para que eu possa aprender com vocs'),(25,'m_a_neka@hotmail.com','Maria Alzira Caves Teixeira','descalvado','(45) 99985507','cascavel','Boa Noite! Gostaria saber a onde entrar em contato e maiores informaes sobre a Uniprev  aqui em cascavel ?'),(26,'fcruzbio@hotmail.com','Flvio Simes da Cruz','descalvado','(11) 46786069','Ferraz de Vasconcelos','Flvio Simes da Cruz\r\nRua: Epitcio Pessoa, 76, Vila Corra, Ferraz de Vasconcelos, SP\r\nfcruzbio@hotmail.com  (11) 4678-6069/ 973455083\r\n33 anos, brasileiro, solteiro\r\nObjetivo\r\nBiomdico para atuar nos setores de Anlises Clnicas, liberao de resultados de exames laboratoriais e coleta de amostras  biolgicos. \r\nFormao Acadmica\r\nSuperior em Biomedicina pela Universidade Paulista UNIP (concludo em 2013) e ps graduando em Anlises Clnicas pela Faculdade Oswaldo Cruz.\r\nExperincia Profissional\r\nLaboratrio Mdico  Sancet\r\nCargo: Biomdico\r\nPerodo: 04/11/2014 a 17/01/2015\r\nFuno: Coordenador de Unidade\r\nSanta Casa de Misericrdia de Suzano\r\nCargo: biomdico plantonista\r\nPerodo: 18/03/2015  01/05/2015\r\nFuno: Anlise de exames bioqumicos, leitura de lminas de hematologia, urianlise, testes de sorologia e hormnios, preenchimento de cadastro de pacientes  e liberao de laudos dos exames laboratoriais.\r\nInformaes extracurriculares\r\nConhecimento de coleta de sangue;  curso tcnico de radiologia mdica concludo em 2005;  3 meses de especializao em Ressonncia Magntica no HCFMUSP; conhecimento do pacote office e internet.\r\n\r\nobs: Tenho disponibilidade de mudar de residncia para facilitar a chegada ao trabalho.'),(27,'fotografoale@gmail.com','Alefotografo','descalvado','991656071','Santo Andr','J ouviu aquela frase \"Quem no  visto no  lembrado\" pois , com boas fotos do seu espao, produtos, servios, equipamentos ou seja independente do que voc faa ou venda a fotografia se aplica ao seu negcio.\r\n\r\nVeja minhas especialidades:\r\n\r\nFOTOGRAFIA DE PRODUTOS - MONTAMOS E ESTUDIO NA SUA EMPRESA\r\nhttp://alefotografo.com.br/fotografo-de-produtos/\r\n\r\nFOTOGRAFIA DE ALIMENTOS\r\nhttp://alefotografo.com.br/fotografo-de-alimentos/\r\n\r\nBANCO DE IMAGENS\r\nhttp://alefotografo.com.br/fotografo-corporativo/\r\n\r\nFOTOGRAFIA DE EVENTOS\r\nhttp://alefotografo.com.br/fotografo-de-eventos/\r\n\r\nFOTOGRAFIA INDUSTRIAL\r\nhttp://alefotografo.com.br/fotografia-industrial/\r\n\r\nTOTENS FOTOGRAFICOS - SUCESSO GARANTIDO EM EVENTOS\r\nhttp://www.totemmania.com.br\r\n\r\nSolicite um oramento ou anote meus contatos.\r\n\r\nAlexandre Machado\r\nEstudio: (11)  4475-3434\r\nCelular:  (11) 99165-6071\r\n\r\n\r\n\r\n\r\nNunca terei interesse nesta oferta: \r\nhttp://www.removerdalista.com.br?u=http://www.uniprev.com.br&c=0a5a9b5586fcACD415DE'),(28,'diegogiraldeli@hotmail.com','Diego Diniz Giraldeli','portoferreira','(19) 992440777','Porto Ferreira','Ola, estou entrando em contato para pedir informao sobre o credenciamento de Dentistas no Convenio Odontolgico da Uniprev.'),(29,'torquegamesbr@gmail.com','Fliperama Porttil','descalvado','11967873262','So Paulo','Ol, Tudo bem?\r\n\r\nQuer matar as saudades de quando voc jogava Fliperama?\r\n\r\nConhea nosso Fliperama Porttil para 2 Jogadores com 7000 Jogos!\r\n\r\nO Fliperama mais bonito e resistente do mercado com tampa em acrlico e base de plstico com pintura emborrachada.\r\n\r\nPronto para jogar, apenas plugue o cabo HDMI na sua TV e comece a diverso...\r\n\r\nConhea nosso Fliperama Porttil: www.gamestorque.com.br\r\n\r\nEntre em contato e adquira o seu!\r\nWhatsApp: (11) 96787-3262\r\nEmail: contato@gamestorque.com.br\r\nAvenida So Miguel n 1834 - Vila Marieta - So Paulo - SP\r\nTorque Games\r\n\r\nSe no deseja receber mais esse email, por favor clique abaixo:\r\n\r\n\r\n\r\nSair da Lista: \r\nhttp://www.sairdalista.com?u=http://www.uniprev.com.br&c=3f120e1091673867085B'),(30,'sonia-reginaporto@hotmail.com','SONIA REGINA F DA SILVA ','portoferreira','(19) 96371092','Porto Ferreira','BOM DIA ! \r\n\r\nGOSTARIA DE FAZER PARTE DO CONVNIO UNIPREV, MAS GOSTARIA MUITO QUE VOCS ME PASSASSEM A COBERTURA DE VOCS O QUE VOCS DO DIREITO E O PREO QUE FICA PARA TER O CONVNIO DE  3 PESSOAS UMA DE 23 ANOS OUTRA DE 53 ANOS E OUTRO DE 63 ANOS. E O CORPO CLNICO DE VOCS QUAIS SO OS MDICOS E OS LABORATRIOS QUE VOCS DO DIREITO.  OBRIGADA ! SONIA '),(31,'r.rafael.dias@bol.com.br','Rafael Dias','descalvado','1192345454','So Paulo','Quer deixar seu site no topo do google em apenas alguns dias http://www.pcg.onlinerenda.com.br\r\nWhatsapp e email para contato no site.\r\n\r\nEssa menasgem foi enviada ao formulario de contato de seu site pelo software de envios automaticos Promotion Site'),(32,'luiz@sitesbmx.com','Luiz Jr.','descalvado','40631773','So Paulo','Oii, bom dia!!\r\n\r\nPosso elaborar um oramento para reformular o site da sua empresa? (www.uniprev.com.br)\r\n\r\nNossos Sites se adequam a celulares, e permitem que voc mesmo gerencie todo o seu contedo :)\r\n\r\nParcelamos em at 12x\r\n\r\nFico aguardando seu retorno, certo?\r\n\r\nAtt,\r\n\r\nLuiz Jr.\r\nhttp://www.sitesbmx.com\r\n(11) 4063-1773\r\n\r\nEssa mensagem foi enviada atravs do Site: www.uniprev.com.br\r\n\r\n\r\n\r\nSair da Lista: \r\nhttp://www.sairdalista.com?u=http://www.uniprev.com.br&c=5d4d2e9525671037D934'),(33,'senape@senape.com.br','Lydia Botelho','descalvado','(11) 22366676_','So Paulo','Prezado Diretor Adm. Financeiro,\r\n(favor encaminhar e-mail)\r\n	\r\nCom 15 anos no mercado a SENAPE atua na prestao de servios especializados em Avaliaes Tcnicas de Bens Patrimoniais de Pessoas Fsicas e Jurdicas. Em operaes de compra, venda, fuso ou incorporao, aumento de capital, garantia, execues fiscais, inventrio, econmica etc.,  indispensvel o conhecimento prvio do real valor dos bens tangveis e intangveis envolvidos. Porm, a determinao desses valores deve ser feita por uma empresa idnea, com grande experincia nacional, de forma a garantir a qualidade dos trabalhos.\r\n\r\nA contratao de um servio de avaliao  importante para se obter uma noo clara e isenta do quanto realmente valem os bens e, para as diversas situaes em que se requer determinaes de valores por parte de algum que no est diretamente envolvido no negcio.\r\n\r\nA SENAPE trabalha com metodologias atualizadas, bancos de dados, relatrios fotogrficos, padronizados e emisso de laudos avaliatrios, que expressam o valor real de mercado do bem avaliado. Os laudos, pareceres e relatrios so elaborados em conformidade com as normas da ABNT e do IBAPE e est tambm credenciada junto ao CREA/SP. O uso dessas normas traz confiabilidade tcnica e legal s avaliaes feitas.\r\n\r\nAtuamos em todo territrio Nacional. Visite nosso site e saiba mais sobre a SENAPE.\r\nDesde j agradecemos a sua ateno, ficando no aguardo de um contato para solicitao de oramento sem compromisso. \r\n\r\nSENAPE  Servio Nacional de Avaliaes e Percias\r\nTel: +55 11 2236.6676\r\nSite: www.senape.com.br\r\n'),(34,'jr@sitesbmx.com','Luiz Jr.','descalvado','40631773','So Paulo','Oii, bom dia!!\r\n\r\nPosso elaborar um oramento para reformular o site da sua empresa? (www.uniprev.com.br)\r\n\r\nNossos Sites se adequam a celulares, e permitem que voc mesmo gerencie todo o seu contedo :)\r\n\r\nParcelamos em at 12x\r\n\r\nFico aguardando seu retorno, certo?\r\n\r\nAtt,\r\n\r\nLuiz Jr.\r\nhttp://www.sitesbmx.com\r\n(11) 4063-1773\r\n\r\nEssa mensagem foi enviada atravs do Site: www.uniprev.com.br\r\n\r\n\r\n\r\nSair da Lista: \r\nhttp://www.sairdalista.com?u=http://www.uniprev.com.br&c=5d4d2e9525671037D934'),(35,'pensriama@hotmail.com','MARIA EYDE DA SILVA','descalvado','(65) 33411762','Santo Antonio do Leverger/MT','Tenho uma Apolice de Seguro junto a UNIPREV, solicito o endereo e telefone de um representante da UNIPREV aqui em Mato Grosso, preferencialmente aqui em Cuiab.'),(36,'cbsantos2010@gmail.com','claudisbel','descalvado','(11) 982913040','osasco','sou do GOP Grande Oriente Paulista, que esta oferecendo o UNIPREV, gostaria de saber da rede conveniada, laboratorios e hospitais para saber se seria interessante me conveniar.\r\ndregio de So Paulo capital e OSASCO. obrigado'),(37,'silvestre.maria@outlook.com','Maria Ap Silvestre ','portoferreira','(19) 35816183','Porto Ferreira','Ol, gostaria de ter acesso a lista de mdicos conveniados pois no consegui encontrar no site.'),(38,'naoreponder@veloxip.com.br','veloxip','descalvado','4115-7340','So Paulo','Ol Uniprev    \r\n\r\nEnvie sua campanha para 1 milho de potenciais Clientes interessados em seus Produtos ou servios\r\n\r\n* Voc nos informa qual o Pblico Alvo e ns separamos em nossa base de e-mails\r\n\r\n* Desenvolvemos sua Campanha para envio do e-mail marketing em HTML sem custo\r\n\r\n* Fazemos os envios e voc acessa os relatrios de abertura com login e senha\r\n\r\n* Ser enviado em mdia 35 Mil e-mails por dia.\r\n\r\nCusto desse envio personalizado: R$ 300,00 a vista ou em ate 3x no carto\r\n\r\nNosso email de atendimento: Comercial@veloxip.com.br\r\n\r\nQualquer dvida entre em contato\r\n\r\nGilson Costa\r\nDepto Comercial\r\nwww.veloxip.com.br\r\nFones: (11) 4115-7340\r\nZAP: 9-9828-2173\r\nComercial@veloxip.com.br\r\n'),(39,'luiz@sitesbmx.com','Luiz Jr.','descalvado','40631773','So Paulo','Oii, bom dia!!\r\n\r\nPosso elaborar um oramento para reformular o site da sua empresa? (www.uniprev.com.br)\r\n\r\nNossos Sites se adequam a celulares, e permitem que voc mesmo gerencie todo o seu contedo :)\r\n\r\nParcelamos em at 12x\r\n\r\nFico aguardando seu retorno, certo?\r\n\r\nAtt,\r\n\r\nLuiz Jr.\r\nhttp://www.sitesbmx.com\r\n(11) 4063-1773\r\n\r\nEssa mensagem foi enviada atravs do Site: www.uniprev.com.br\r\n\r\n\r\n\r\nSair da Lista: \r\nhttp://www.sairdalista.com?u=http://www.uniprev.com.br&c=5d4d2e9525671037D934'),(40,'r.rafael.dias@bol.com.br','Rafael Dias','descalvado','1192345454','So Paulo','Quer deixar seu site no topo do google em apenas alguns dias http://www.pcg.onlinerenda.com.br\r\nWhatsapp e email para contato no site.\r\n\r\nEssa menasgem foi enviada ao formulario de contato de seu site pelo software de envios automaticos Promotion Site'),(41,'arpedrosoojr5@gmail.com','Amanda Souza','descalvado','997313233','grana','Aprenda a fazer manuteno em celulares\r\nse voe for o responsavel por esse site www.uniprev.com.br\r\nassista este video abaixo sem compromisso e veja como consertar varios celulares com esse novo curso\r\n\r\nhttp://www.assistenciasmartfone.vai.la\r\n\r\nmais somente se quiser aprender consertar celular para ganhar dinheiro .\r\n\r\nobrigado\r\nAmanda Souza\r\n\r\n\r\n\r\n\r\n\r\n\r\n\r\nSair da Lista: \r\nhttp://www.sairdalista.com?u=http://www.uniprev.com.br&c=77ee012361a88EC291AB'),(42,'sm@sitesbmx.com','Fabiana Basttos','descalvado','40631773','So Paulo','Oii, bom dia!!\r\n\r\nSabia que eu posso te ajudar a gerenciar as Redes Sociais da sua empresa? (Facebook, Twitter, Google Plus, etc)\r\n\r\nInvestimento: R$ 490,00 (Parte deste valor utilizamos para impulsionar (patrocinar) os posts e dessa forma atingir mais clientes, com foco em resultados).\r\n\r\nO que voc acha??\r\n\r\nAtt,\r\n\r\nFabiana Basttos\r\nhttp://www.sitesbmx.com\r\n(11) 4063-1773\r\n\r\nEssa mensagem foi enviada atravs do Site: www.uniprev.com.br\r\n\r\n\r\n\r\nSair da Lista: \r\nhttp://www.sairdalista.com?u=http://www.uniprev.com.br&c=5d4d2e9525671037D934'),(43,'cooricosta@yahoo.com.br','Corina Maria Rodrigues SilvaFundaco','descalvado','(63) 992212345','Araguaia-To.','Tenho o Plano de Peclio e gostaria de ser ressarcida, pois ate hoje recolhe no meu contra-cheque sou uma servidora aposentada da  Nacional do ndio - FUNAI minha proposta e o numero 21187 .\r\n Espero contar com a compreenso  no sentido de cancelar o desconto na minha folha de pagamento.\r\n\r\nCorina'),(44,'anapaulacolaut@hotmail.com','ANA PAULA MOREIRA','descalvado','(45) 999362331','FOZ DO IGUACU','Boa tarde, moro em foz do Iguau - PR , sou psicloga e gostaria de informaes sobre como me credenciar como profissional a sua empresa. Aguardo informaes necessrias. Obrigada.'),(45,'contato@i9teste.com.br','i9 Teste','descalvado','969473182','Belford Roxo','Ol equipe Uniprev,\r\n\r\nSou autor do livro Automatizando Testes de Software Com Selenium, um manual prtico que vai inovar a forma de vocs testarem software, garantido a qualidade dos sistemas web de forma simples, eficiente e com baixo custo.\r\n\r\nPara incentiv-los a embarcar nesse incrivel mundo da automao, o livro poder ser adquirido com 30% de desconto direto da Hot Page. Para isso, basta acessar o site http://i9teste.com.br e baixar a amostra gratuita.\r\n\r\nCompartilhem essa idia com demais profissionais e empresas da rea.\r\n\r\nMeus sinceros desejos de sucesso!\r\n\r\nAtt,\r\nHugo Peres\r\n\r\n\r\nNo tem interesse por essa oferta? Clique no link:\r\nhttp://www.sairdalista.com?u=http://www.uniprev.com.br&c=061187102763CA1CAC2A'),(46,'contato@mjmtecnodiesel.com.br','MJM Tecnodiesel','descalvado','2641-9066','So Paulo','Ola!\r\nSomos a \r\nMJM Tecnodiesel\r\nRetifica de Bomba Injetora e Retifica de Bico Injetor e Oficina Diesel \r\n\r\nEmpresa com sede propria de 600 Metros quadrados e maquinarios para realizarmos a reparaao completa de motores,bombas e unidades eletronicas nacionais e importadas.\r\n             \r\nhttp://mjmtecnodiesel.com.br\r\nTelefone:   (11) 2642-1376 - (11) 2641-9066(11) 940378709  whatsapp\r\n'),(47,'joaojosetu@gmail.com','Leiloeiro Pblico Oficial','descalvado','999441234','Florianpolis','Carros, Trator, Maquinrio, Imveis at 86% Abaixo EM VENDA PBLICA:\r\n\r\n- Imveis da Caixa E Federal (PARAN);\r\n\r\n- Imoveis em SC, RS, PR E SP (documentao regular at 86% abaixo);\r\n\r\n- Onibus, Trator e Sucatas;\r\n\r\n- AMAROK 2012 Diesel - Valor Mnimo R$ 38.110,00\r\n\r\n- TRATOR NEW HOLLAND 2000 - Valor Mnimo R$ 22.500\r\n\r\n- FLORIANPOLIS (Casa, Sala Comercial na Beira Mar, Apartamentos) at 26/04\r\n\r\n- CAXIAS DO SUL (Casas, Terrenos, Apartamentos e Lotes) - VENDA DIRETA (Docs. Regulares e sem nus);\r\n\r\n- PEAS (Carros, Caminhes e EMPILHADEIRAS)\r\n\r\n- SERRA CATARINENSE - Rancho Queimado 15Ha\r\n\r\n- Vans, Camioneta, Doblo, Minibus e Fiorino\r\n\r\n- Perfuratriz de Solo Hlice Contnua Monitorada, ano 2010 (7.500h uso) \r\n\r\n- MOTOR - Volvo Penta e Mercedes\r\n\r\n- Imvel na Cavalhada - Porto Alegre/RS\r\n\r\n- Imvel na Av. Atlantica em BALNERIO CAMBORI/SC\r\n\r\n- Moblias, Mesas, Cadeiras, Armrios;\r\n\r\n- Equipamentos Fotogrficos\r\n\r\nIMAGENS, DESCRITIVOS, DOCs. E LANCES EM:\r\n\r\nwww.LeiloeiroPublico.com.br\r\n\r\nDvidas e Visitas escreva na Central: contato@leiloeiropublico.com.br  OU  use CHAT no Site - www.LeiloeiroPublico.com.br\r\n\r\nLeiloeiro Pblico\r\n\r\nFones e WhatsApp: (47) 9.9944.1234  (51) 9.8126.2502  (48) 9.9804.5050\r\ncontato@leiloeiropublico.com.br\r\nwww.LeiloeiroPublico.com.br\r\n\r\nNunca terei interesse nesta oferta: \r\nhttp://www.sairdalista.com?u=http://www.uniprev.com.br&c=0ebce33fc1d0A481977B'),(48,'clinicarubedo@uol.com.br','Vagner ','descalvado','(11) 25083138','sao paulo ','Bom dia \r\n\r\n\r\n   Gostaria de entrar em contato com o setor de credenciamento mdico.\r\n\r\nno aguardo \r\n\r\n\r\nVagner '),(49,'atendimento@r2grafica.com.br','Juliana','descalvado','3042-0668','Salvador','Ol, meu nome  Juliana !!!\r\n\r\nIndicaram voc para apresentar a promoo dos DIAS das MES.\r\n\r\n5.000 PANFLETOS COLORIDOS  R$ 120,00\r\n\r\n10 x 15 cm, colorido frente, couche brilho 115 gramas.\r\nProduzimos em at 2 dias. Despachamos para todo o Brasil.\r\n\r\nClick aqui: https://goo.gl/acZeRM\r\n\r\nOutros oramentos e-mail contato@r2grafica.com.br.\r\n\r\nAguardamos a sua visita em nosso site, http://loja.r2grafica.com.br\r\n\r\nCordialmente,\r\nJuliana\r\n71-3042-0668\r\nWhatsapp 71-99162-7000\r\n\r\nEstaremos apresentando outras promoes, aguarde!!!\r\n\r\nNunca terei interesse nesta oferta: \r\nhttp://www.sairdalista.com?u=http://www.uniprev.com.br&c=a369fa05eca966480BA7'),(50,'jotadigitais@gmail.com','Danielli Bolsonaro','descalvado','997313233','Belo Horizonte','Ol, meu nome  Danielli Bolsonaro e achei seu site em uma busca pela internet.\r\n\r\nEstou divulgando uma novidade no mercado de marketing.\r\n\r\nSe interessar, continue lendo...\r\n\r\nTrata-se de um Plugin Wordpress FANTSTICO, para Criar Sites de Vdeos com apenas alguns cliques, e promover produtos/servios automaticamente!\r\n\r\nTudo isso com apenas este Plugin. Muito Top.\r\n\r\nLink => http://bit.ly/2ozHjn4\r\n\r\nAcho que vale a pena dar uma conferida.\r\n\r\nVeja mais detalhes no link abaixo\r\nhttp://bit.ly/2ozHjn4\r\n\r\nDesde j desejo Boas Vendas\r\nDanielli Bolsonaro\r\n\r\n\r\nNunca terei interesse nesta oferta: \r\nhttp://www.sairdalista.com?u=http://www.uniprev.com.br&c=d4f8dd4dd2f278B71B93'),(51,'contato@brcorretores.com.br','BR CORRETORES','descalvado','41341720','Barueri','Como vender\r\n\r\nA equipe do BrCorretores  orientada a desenvolver sempre a forma mais simples e eficaz, modelando assim, um portal nico e fcil de usar.\r\n\r\nSe voc deseja vender no BrCorretores, mas ainda est com dvidas de como fazer, aqui voc ver o quanto  fcil.\r\n\r\nLogo ao entrar no site,  apresentado um enorme boto laranja escrito anuncie agora. Clicando nele, voc ser direcionado para uma pgina cadastrar o seu imvel.\r\n\r\nPessoa Fisica Pode Anunciar ate 02 imoveis Gratuitos.\r\nPessoa Juridica Pode Anunciar ate 05 imoveis Gratuitos.\r\n\r\nVoce  tambem  pode anunciar  marca da sua  empresa nosso portal.\r\n\r\nSuper Promocao\r\n\r\nMensal  R$ 189,00\r\nTrimestral R$ 169,00\r\nSemestral R$ 139,00\r\nAnual  R$ 119,99\r\n\r\nPode  pagar pelo cartao de  credito.\r\n\r\nAtenciosamente\r\nBr Corretores\r\n\r\n\r\nNunca terei interesse nesta oferta: \r\nhttp://www.sairdalista.com?u=http://www.uniprev.com.br&c=314f5258a7c39464ACFF'),(52,'contato@brcorretores.com.br','BR CORRETORES','descalvado','41341720','Barueri','Como vender\r\n\r\nA equipe do BrCorretores  orientada a desenvolver sempre a forma mais simples e eficaz, modelando assim, um portal nico e fcil de usar.\r\n\r\nSe voc deseja vender no BrCorretores, mas ainda est com dvidas de como fazer, aqui voc ver o quanto  fcil.\r\n\r\nLogo ao entrar no site,  apresentado um enorme boto laranja escrito anuncie agora. Clicando nele, voc ser direcionado para uma pgina cadastrar o seu imvel.\r\n\r\nPessoa Fisica Pode Anunciar ate 02 imoveis Gratuitos.\r\nPessoa Juridica Pode Anunciar ate 05 imoveis Gratuitos.\r\n\r\nVoce  tambem  pode anunciar  marca da sua  empresa nosso portal.\r\n\r\nSuper Promocao\r\n\r\nMensal  R$ 189,00\r\nTrimestral R$ 169,00\r\nSemestral R$ 139,00\r\nAnual  R$ 119,99\r\n\r\nPode  pagar pelo cartao de  credito.\r\n\r\nAtenciosamente\r\nBr Corretores\r\n\r\n\r\nNunca terei interesse nesta oferta: \r\nhttp://www.sairdalista.com?u=http://www.uniprev.com.br&c=314f5258a7c39464ACFF'),(53,'contato@brcorretores.com.br','BR CORRETORES','descalvado','41341720','Barueri','Como vender\r\n\r\nA equipe do BrCorretores  orientada a desenvolver sempre a forma mais simples e eficaz, modelando assim, um portal nico e fcil de usar.\r\n\r\nSe voc deseja vender no BrCorretores, mas ainda est com dvidas de como fazer, aqui voc ver o quanto  fcil.\r\n\r\nLogo ao entrar no site,  apresentado um enorme boto laranja escrito anuncie agora. Clicando nele, voc ser direcionado para uma pgina cadastrar o seu imvel.\r\n\r\nPessoa Fisica Pode Anunciar ate 02 imoveis Gratuitos.\r\nPessoa Juridica Pode Anunciar ate 05 imoveis Gratuitos.\r\n\r\nVoce  tambem  pode anunciar  marca da sua  empresa nosso portal.\r\n\r\nSuper Promocao\r\n\r\nMensal  R$ 189,00\r\nTrimestral R$ 169,00\r\nSemestral R$ 139,00\r\nAnual  R$ 119,99\r\n\r\nPode  pagar pelo cartao de  credito.\r\n\r\nAtenciosamente\r\nBr Corretores\r\n\r\n\r\nNunca terei interesse nesta oferta: \r\nhttp://www.sairdalista.com?u=http://www.uniprev.com.br&c=314f5258a7c39464ACFF'),(54,'contato@brcorretores.com.br','BR CORRETORES','descalvado','41341720','Barueri','Como vender\r\n\r\nA equipe do BrCorretores  orientada a desenvolver sempre a forma mais simples e eficaz, modelando assim, um portal nico e fcil de usar.\r\n\r\nSe voc deseja vender no BrCorretores, mas ainda est com dvidas de como fazer, aqui voc ver o quanto  fcil.\r\n\r\nLogo ao entrar no site,  apresentado um enorme boto laranja escrito anuncie agora. Clicando nele, voc ser direcionado para uma pgina cadastrar o seu imvel.\r\n\r\nPessoa Fisica Pode Anunciar ate 02 imoveis Gratuitos.\r\nPessoa Juridica Pode Anunciar ate 05 imoveis Gratuitos.\r\n\r\nVoce  tambem  pode anunciar  marca da sua  empresa nosso portal.\r\n\r\nSuper Promocao\r\n\r\nMensal  R$ 189,00\r\nTrimestral R$ 169,00\r\nSemestral R$ 139,00\r\nAnual  R$ 119,99\r\n\r\nPode  pagar pelo cartao de  credito.\r\n\r\nAtenciosamente\r\nBr Corretores\r\n\r\n\r\nNunca terei interesse nesta oferta: \r\nhttp://www.sairdalista.com?u=http://www.uniprev.com.br&c=314f5258a7c39464ACFF'),(55,'mrafaldini@bol.com.br','marcia','descalvado','(11) 969806477','descalvado','bom dia, gostaria de enviar meu curriculo, como devo proceder?\r\n\r\nmarcia'),(56,'wgoulartr@hotmail.com','waldyr goulart dos reis','descalvado','(97) 991955580','Tef','Boa tarde!\r\n\r\nSolicito-vos a possibilidade de devolver-me o valor de R$ 243,71, por ter quitado a dvida em abril/17.\r\n\r\nFavor realizar o depsito na seguinte conta:\r\n\r\nBanco CEF\r\n\r\nAg: 32360\r\n\r\nConta: 001000237124\r\n\r\nAtenciosamente,\r\n\r\nWaldyr'),(57,'fotografoale@gmail.com','Alefotografo','descalvado','991656071','Santo Andr','J ouviu aquela frase \"Quem no  visto no  lembrado\" pois , com boas fotos do seu espao, produtos, servios, equipamentos ou seja independente do que voc faa ou venda a fotografia se aplica ao seu negcio.\r\n\r\nVeja minhas especialidades:\r\n\r\nFOTOGRAFIA DE PRODUTOS - MONTAMOS E ESTUDIO NA SUA EMPRESA\r\nhttp://alefotografo.com.br/fotografo-de-produtos/\r\n\r\nFOTOGRAFIA DE ALIMENTOS\r\nhttp://alefotografo.com.br/fotografo-de-alimentos/\r\n\r\nBANCO DE IMAGENS\r\nhttp://alefotografo.com.br/fotografo-corporativo/\r\n\r\nFOTOGRAFIA DE EVENTOS\r\nhttp://alefotografo.com.br/fotografo-de-eventos/\r\n\r\nFOTOGRAFIA INDUSTRIAL\r\nhttp://alefotografo.com.br/fotografia-industrial/\r\n\r\nTOTENS FOTOGRAFICOS - SUCESSO GARANTIDO EM EVENTOS\r\nhttp://www.totemmania.com.br\r\n\r\nSolicite um oramento ou anote meus contatos.\r\n\r\nAlexandre Machado\r\nEstudio: (11)  4475-3434\r\nCelular:  (11) 99165-6071\r\n\r\n\r\nQuero descadastrar meu site\r\nhttp://www.sairdalista.com?u=http://www.uniprev.com.br&c=0a5a9b5586fcACD415DE'),(58,'fraude.topofmind@globo.com','FRAUDE-TOPOFMIND','descalvado','000000000','aaaaaa','ALERTA:\r\n\r\nFRAUDE NO PREMIO TOP OF MIND, \"EMPRESA\" SEM NENHUM CREDENCIMANETO VENDENDO CERTIFICADOS.\r\n\r\nSE TIVER ALGUMA DUVIDA PESQUISE SOBRE A MESMA. \r\nPROCUREM INFORMACOES SOBRE A EMPRESA, TELEFONE DE CONTATO, PUBLICACAO E A VALIDADE DA PESQUISA, DIVULGACAO DAS EMPRESAS GANHADORAS, SE S TEM UMA EMPRESA GANHADORA POR SEGMENTO ?. \r\n\r\n\r\nSITE: WWW.PREMIOTOPOFMIND.COM\r\n\r\nPEO QUE NO MANTENHA MAIS CONTATO, POIS J FOI DENUNCIADA E ESTA SOB INVESTIGAO. \r\n\r\n\r\nCASO TENHA SOFRIDO ALGUM DANO PROCURE SEUS DIREITOS.\r\n \r\nFIQUEM ATENTOS.\r\n\r\n'),(59,'atendimento@hd3publicidade.com.br','HD3 Publicidade','descalvado','34155215','So Paulo','Est querendo reformular seu site e atrair mais clientes?\r\nA HD3 PUBLICIDADE tem a soluo!\r\n\r\nDesenvolvemos Sites Responsivos, aquele que se adapta ao tamanho do dispositivo mvel acessado: smartphones, tablets, notebooks ou desktops.\r\nIsso ajuda seu site ser melhor localizado na busca orgnica do GOOGLE.\r\n\r\nAtualizamos seu site dentro das novas tecnologias, alm de toda a configurao como a DESCRIO e as PALAVRAS-CHAVES para que o GOOGLE e os outros mecanismos de busca possam melhor encontr-lo.\r\n\r\nSolicite oramento e uma prova comparativa de como seu site est e pode ficar.\r\n\r\n\r\nVISITE NOSSOS SITES E SAIBA MAIS: http://www.hd3publicidade.com.br/hd3_hotpage\r\nhttp://www.hd3publicidade.com.br\r\n\r\nSolicite seu oramento: contato@hd3publicidade.com.br\r\n(11) 3415-5215 /  Whatsapp: (11) 99189-5612\r\n\r\nRemover meu contato dessa lista: \r\nhttp://www.sairdalista.com?u=http://www.uniprev.com.br&c=5cd48ca65f12824B6FC'),(60,'marthadacostaefaria@hotmail.com','martha da costa e faria','descalvado','(65) 32238448_','Cceres','Sou de Mato Grosso- Cceres.  por gerntileza, preciso do contato da  uniprev advocacia previdenciaria que o seu contato era  -11  4113-0710..preciso falar copm a dra  Renata Alves Costa com urgencia... grata Martha Faria   cel 65 999139012 ou  fixo 65 32238448'),(61,'atendimento@hd3publicidade.com.br','HD3 Publicidade','descalvado','34155215','So Paulo','Est querendo reformular seu site e atrair mais clientes?\r\nA HD3 PUBLICIDADE tem a soluo!\r\n\r\nDesenvolvemos Sites Responsivos, aquele que se adapta ao tamanho do dispositivo mvel acessado: smartphones, tablets, notebooks ou desktops.\r\nIsso ajuda seu site ser melhor localizado na busca orgnica do GOOGLE.\r\n\r\nAtualizamos seu site dentro das novas tecnologias, alm de toda a configurao como a DESCRIO e as PALAVRAS-CHAVES para que o GOOGLE e os outros mecanismos de busca possam melhor encontr-lo.\r\n\r\nSolicite oramento e uma prova comparativa de como seu site est e pode ficar.\r\n\r\n\r\nVISITE NOSSOS SITES E SAIBA MAIS: http://www.hd3publicidade.com.br/hd3_hotpage\r\nhttp://www.hd3publicidade.com.br\r\n\r\nSolicite seu oramento: contato@hd3publicidade.com.br\r\n(11) 3415-5215 /  Whatsapp: (11) 99189-5612\r\n\r\nRemover meu contato dessa lista: \r\nhttp://www.sairdalista.com?u=http://www.uniprev.com.br&c=5cd48ca65f12824B6FC'),(62,'atendimento@hd3publicidade.com.br','HD3 Publicidade','descalvado','34155215','So Paulo','Est querendo reformular seu site e atrair mais clientes?\r\nA HD3 PUBLICIDADE tem a soluo!\r\n\r\nDesenvolvemos Sites Responsivos, aquele que se adapta ao tamanho do dispositivo mvel acessado: smartphones, tablets, notebooks ou desktops.\r\nIsso ajuda seu site ser melhor localizado na busca orgnica do GOOGLE.\r\n\r\nAtualizamos seu site dentro das novas tecnologias, alm de toda a configurao como a DESCRIO e as PALAVRAS-CHAVES para que o GOOGLE e os outros mecanismos de busca possam melhor encontr-lo.\r\n\r\nSolicite oramento e uma prova comparativa de como seu site est e pode ficar.\r\n\r\n\r\nVISITE NOSSOS SITES E SAIBA MAIS: http://www.hd3publicidade.com.br/hd3_hotpage\r\nhttp://www.hd3publicidade.com.br\r\n\r\nSolicite seu oramento: contato@hd3publicidade.com.br\r\n(11) 3415-5215 /  Whatsapp: (11) 99189-5612\r\n\r\nRemover meu contato dessa lista: \r\nhttp://www.sairdalista.com?u=http://www.uniprev.com.br&c=5cd48ca65f12824B6FC'),(63,'contato@mjmtecnodiesel.com.br','Retifica de Bomba Injetora MJM Tecnodiesel','descalvado','26953000','So Paulo ','Ol www.uniprev.com.br\r\nMJM Tecnodiesel\r\nRetifica de Bomba Injetora\r\nRetifica de Bico Injetor\r\nOficina Diesel \r\nEmpresa com sede propria de 600 Metros quadrados e maquinarios para realizarmos a reparaao completa de motores, bombas e unidades eletronicas nacionais e importadas.\r\n             \r\nhttp://mjmtecnodiesel.com.br  \r\nTelefone:   (11) 2642-1376 - (11) 2641-9066 - (11) 940378709'),(64,'divulgamais@gmail.com','Andressa Zanini','descalvado','997313233','Fernandpolis','Ol, meu nome  Andressa Zanini e seu amigo Marcio indicou seu site (Uniprev) para que eu possa apresentar um novo sistema de divulgao em massa. \r\n\r\nTrata-se de um software inovador que usa os buscadores como Google, Yahoo e Bing para localizar seu pblico alvo, e em seguida envia sua propaganda diretamente aos contatos capturados, com taxa de visualizao da mensagem superior a 90%. Os resultados so impressionantes.\r\n\r\nVeja mais como  possvel em nosso site:\r\nwww.divulgamais.com.br\r\n\r\nDesde j desejo Boas Vendas\r\nAndressa\r\n\r\n\r\nNunca terei interesse nesta oferta: \r\nhttp://www.sairdalista.com?u=http://www.uniprev.com.br&c=5f0554dd3f17400F504F'),(65,'erosmaginifique@simeuquero.com','EFEITO INSTANTNEO','descalvado','997313233','Seduo',' Isto Mesmo. Perfume Afrodisaco e Ertico\r\n\r\n J pensou em um perfume que deixa as pessoas SEDUZIDAS por voc? \r\n\r\n Esse perfume existe!!!!\r\n Eros Maginifique Perfume Afrodisaco e Ertico com  poder de Seduo e Atrao. O Sexo oposto subconscientemente detecta o produto e sente-se  instantaneamente  SEDUZIDAS E ATRADAS por voc!\r\n\r\nConfirme seu Pedido Online - Site Seguro:\r\n http://www.simeuquero.com/perfumesex\r\n\r\nNunca terei interesse nesta oferta: \r\nhttp://www.sairdalista.com?u=http://www.uniprev.com.br&c=5f0554dd3f17400F504F'),(66,'atendimento@hd3publicidade.com.br','HD3 Publicidade','descalvado','34155215','So Paulo','Est querendo reformular seu site e atrair mais clientes?\r\nA HD3 PUBLICIDADE tem a soluo!\r\n\r\nDesenvolvemos Sites Responsivos, aquele que se adapta ao tamanho do dispositivo mvel acessado: smartphones, tablets, notebooks ou desktops.\r\nIsso ajuda seu site ser melhor localizado na busca orgnica do GOOGLE.\r\n\r\nAtualizamos seu site dentro das novas tecnologias, alm de toda a configurao como a DESCRIO e as PALAVRAS-CHAVES para que o GOOGLE e os outros mecanismos de busca possam melhor encontr-lo.\r\n\r\nSolicite oramento e uma prova comparativa de como seu site est e pode ficar.\r\n\r\n\r\nVISITE NOSSOS SITES E SAIBA MAIS: http://www.hd3publicidade.com.br/hd3_hotpage\r\nhttp://www.hd3publicidade.com.br\r\n\r\nSolicite seu oramento: contato@hd3publicidade.com.br\r\n(11) 3415-5215 /  Whatsapp: (11) 99189-5612\r\n\r\nRemover meu contato dessa lista: \r\nhttp://www.sairdalista.com?u=http://www.uniprev.com.br&c=5cd48ca65f12824B6FC'),(67,'zetacorpsoftware@gmail.com','ZetaCorp','descalvado','997709745','Campinas','Prezado!\r\n\r\nAno passado procuramos sua empresa e fomos informados que no era o momento ideal para conversarmos e por isso estou retomando o contato.\r\n\r\nMeu nome  Daniel, sou scio proprietrio da ZetaCorp e somos especialistas em desenvolvimento de software sob demanda. Desenvolvemos solues web e aplicativos para dispositivos mveis (Android, iOS e Windows Phone) com custo acessvel.\r\n\r\nPodemos agendar uma conversa? Quero explicar como a ZetaCorp vem ajudando empresas do seu segmento a melhorar seu faturamento atravs de softwares.\r\n\r\nAbaixo seguem meus contatos:\r\nDaniel Roberto Ramalho\r\nAnalista de novos negcios - ZetaCorp\r\n+55 (19) 9 9770-9745 / +55 (19) 4113-0213\r\nSkype: dramalho1\r\nzetacorpsoftware@gmail.com'),(68,'portubrasil@bol.com.br','Portu Brasil Embalagens','descalvado','20854050','Guarulhos','Ola Uniprev\r\n\r\nPrecisando de SACOLAS DE PAPEL ou EMBALAGENS. \r\nFaa uma cotao conosco !!!\r\n\r\nE-mail de CONTATO: \" portubrasil@bol.com.br \"\r\n\r\n\r\n\r\nPortu Brasil Embalagens \r\n(11) 2085-4050 / (11) 2488-8088 \r\neduardo@portubrasil.com.br \r\nwww.portubrasil.com.br \r\n\r\n************************* ATENAO *************************\r\n\r\nPara no receber mais nossos emails, clique no link abaixo:\r\nhttp://www.sairdalista.com?u=http://www.uniprev.com.br&c=a717388066532A50AEDC'),(69,'divulgamais@gmail.com','Jane Pagliarani','descalvado','997313233','Fernandpolis','Ol, meu nome  Jane Pagliarani e seu amigo Robson indicou seu site (Uniprev) para que eu possa apresentar um novo sistema de divulgao em massa. \r\n\r\nTrata-se de um software inovador que usa os buscadores como Google, Yahoo e Bing para localizar seu pblico alvo, e em seguida envia sua propaganda diretamente aos contatos capturados, com taxa de visualizao da mensagem superior a 90%. Os resultados so impressionantes.\r\n\r\nVeja mais como  possvel em nosso site:\r\nwww.divulgamais.com.br\r\n\r\nDesde j desejo Boas Vendas\r\nJane\r\n\r\n\r\nNunca terei interesse nesta oferta: \r\nhttp://www.sairdalista.com?u=http://www.uniprev.com.br&c=5f0554dd3f17400F504F'),(70,'contato@brcorretores.com.br','BR CORRETORES','descalvado','41341720','Barueri','Como vender\r\n\r\nA equipe do BrCorretores  orientada a desenvolver sempre a forma mais simples e eficaz, modelando assim, um portal nico e fcil de usar.\r\n\r\nSe voc deseja vender no BrCorretores, mas ainda est com dvidas de como fazer, aqui voc ver o quanto  fcil.\r\n\r\nLogo ao entrar no site,  apresentado um enorme boto laranja escrito anuncie agora. Clicando nele, voc ser direcionado para uma pgina cadastrar o seu imvel.\r\n\r\nPessoa Fisica Pode Anunciar ate 02 imoveis Gratuitos.\r\nPessoa Juridica Pode Anunciar ate 05 imoveis Gratuitos.\r\n\r\nVoce  tambem  pode anunciar  marca da sua  empresa nosso portal.\r\n\r\nSuper Promocao\r\n\r\nMensal  R$ 189,00\r\nTrimestral R$ 169,00\r\nSemestral R$ 139,00\r\nAnual  R$ 119,99\r\n\r\nPode  pagar pelo cartao de  credito.\r\n\r\nAtenciosamente\r\nBr Corretores\r\n\r\n\r\nNunca terei interesse nesta oferta: \r\nhttp://www.sairdalista.com?u=http://www.uniprev.com.br&c=314f5258a7c39464ACFF'),(71,'contato@agenciaotz.com.br','Terceirize Conosco seu Marketing Digital','descalvado',' 26939292','So Paulo  SP','Ol www.uniprev.com.br\r\nSomos a Agncia OTZ Parceiros do Google em Anncios Patrocinados \r\nGerenciamento de Adwords - Tour virtual Street View - Google Meu Negcio - Google Shopping - Google Analitics - Webmasters.\r\nEspecializados em\r\nSites - Hot Sites - E Commerce - Land Pages - Fotos e Videos 360 com Resoluo de 2 a 4K e Som Espacial 3D - Transmisso ao Vivo 360 You Tube\r\nTerceirize Conosco seu Marketing Digital\r\n\r\nhttp://agenciaotz.com.br/             \r\nhttp://tourvirtual.360cliques.com.br/\r\n\r\nTelefone: (11) 2693-9292 | (11) 9 9432-3714 Whatsapp OTZ'),(72,'contato@brcorretores.com.br','BR CORRETORES','descalvado','41341720','Barueri','Como vender\r\n\r\nA equipe do BrCorretores  orientada a desenvolver sempre a forma mais simples e eficaz, modelando assim, um portal nico e fcil de usar.\r\n\r\nSe voc deseja vender no BrCorretores, mas ainda est com dvidas de como fazer, aqui voc ver o quanto  fcil.\r\n\r\nLogo ao entrar no site,  apresentado um enorme boto laranja escrito anuncie agora. Clicando nele, voc ser direcionado para uma pgina cadastrar o seu imvel.\r\n\r\nPessoa Fisica Pode Anunciar ate 02 imoveis Gratuitos.\r\nPessoa Juridica Pode Anunciar ate 05 imoveis Gratuitos.\r\n\r\nVoce  tambem  pode anunciar  marca da sua  empresa nosso portal.\r\n\r\nSuper Promocao\r\n\r\nMensal  R$ 189,00\r\nTrimestral R$ 169,00\r\nSemestral R$ 139,00\r\nAnual  R$ 119,99\r\n\r\nPode  pagar pelo cartao de  credito.\r\n\r\nAtenciosamente\r\nBr Corretores\r\n\r\n\r\nNunca terei interesse nesta oferta: \r\nhttp://www.sairdalista.com?u=http://www.uniprev.com.br&c=314f5258a7c39464ACFF'),(73,'bsinara3@gmail.com','Sinara','descalvado','(45) 99170850','Cascavel','Vcs tao pegando gente pra trabalha ai no setor de limpeza aguardo resposta'),(74,'fharamed@fharamed.com.br','Guilherme Theodoro','descalvado','(11) 22253872','So Paulo','Gostaria de saber qual o procedimento para cadastro de fornecedor junto ao convnio para que possamos participar de cotaes.\r\n\r\nA Fharamed  uma empresa que comercializa descartveis, instrumentais e equipamentos de Otorrinolaringologia. Atuamos em SP capital e regio.\r\n'),(75,'grupodemidiabrasil@gmail.com','Grupo de Mdia Brasil','descalvado','11979569992','Santo Andr','Ol, somos o Grupo de Mdia Brasil\r\n\r\nMude a cara do seu negcio, tenha um site profissional feito por quem sabe do assunto.\r\n\r\n- No  site pronto;\r\n- No  template;\r\n- No  modelo ultrapassado.\r\n\r\n- Faremos seu site do zero;\r\n- Criaremos o layout de acordo com o seu negcio;\r\n- Design lindo e sempre com sua aprovao;\r\n- Estrutura para Smartphones e Tablets;\r\n\r\nO Grupo de Mdia Brasil tem mais de 19 anos de mercado e somos um dos pioneiros em Servios Digitais Full Services com mais de 380 empresas atendidas nesse perodo\r\n\r\nNo importa o tamanho da sua empresa, ns temos a soluo certa para o seu negcio.\r\n\r\nVoc escolhe qual o melhor plano lhe atende e deixe o resto com a gente.\r\n\r\nCUIDAMOS DE TUDO!\r\n\r\nMude. Crie. Aparea.\r\n\r\nAinda d tempo de ter um Site profissional em 2017.\r\n\r\nAcesse: www.grupodemidia.com.br e solicite um oramento. \r\n\r\nO que fazemos:\r\n\r\n- Desenvolvimento de Sites;\r\n- Renovao e atualizao de sites;\r\n- Gerenciamento Google AdWords;\r\n- Criao de Loja Virtual;\r\n- Blogs e Contedo;\r\n- Desenvolvimento de E-mail Marketing;\r\n- Catlogos Virtuais;\r\n- Banners interativos;\r\n- Facebook;\r\n- Google Analytics;\r\n- Google Adsense.\r\n\r\nNavegue em nosso site e mude de vez sua internet:\r\nwww.grupodemidia.com.br\r\n\r\nAtenciosamente,\r\nRodrigo Vieira\r\n\r\nNo quero mais receber esses e-mails.\r\nhttp://www.sairdalista.com?u=http://www.uniprev.com.br&c=4cc235b3ee8988011F4F'),(76,'digolourenco@gmail.com','Rodrigo ','descalvado','(19) 993592975','Descalvado','Tenho 31 anos e gostaria de saber se com um plano da uniprev tenho desconto em consultas particulares com o Dr Marcos Paulo em Descalvado? Caso tenha quanto seria o descontos para uma consulta particular no valor de 200 reais? E tambm gostaria de saber o valor do plano, outros beneficio que o plano d, quanto tempo caso eu assina ao plano leva para poder usar ele, quanto tempo sou obrigado a ficar associado ao plano? '),(77,'arpedrosoojr5@gmail.com','Victor Hugo','descalvado','997313233','Sucesso','Se voe for o responsavel por esse site e deseja mais clientes clique nesse link e veja um video sem compromisso de como atrair mais clientes enviando formularios de contatos de sites de empresas como esse que eu estou e enviando e atraindo mais clientes para sua empresa.\r\n\r\nhttp://www.promovasuaempresa.vai.la\r\n\r\n\r\nBoas Vendas\r\nVictor Hugo\r\n'),(78,'contato@limpadoradescalvado.com.br','LEDA CRISTINA PINTO BORIN','descalvado','(19) 35836296_','Descalvado','Boa tarde, fui at o laboratrio fazer o exame de sexagem (sexo BEB), a primeira pergunta que fiz a atendente foi o resultado sai at segunda feira 26/06 (2 f.), seno no vou fazer. Porque  aniversrio de meu marido e quero fazer uma surpresa a ele e a seus convidados, a resposta do laboratrio foi sim coloco como carcter de urgncia, ontem dia 26/06 ANIVERSRIO DO MEU MARIDO, tentei por inmeras vezes e o laboratrio responsvel no divulgava o resultado do exame, hoje 01 dia aps o site est em manuteno e ainda no me passaram o resultado, minha pergunta ? Quem vai ressarcir o valor do meu exame? j que s fiz para fazer uma surpresa e no ficou pronto? paguei a decorao para revelar a surpresa do sexo do beb e no pude fazer a decorao? alm da minha frustrao. Estou bem decepcionada com o laboratrio, as atendentes at me ajudaram tentando ligar por inmeras vezes no laboratrio...mas todas sem sucesso. E agora como fico?\r\nAguardo um retorno urgente.'),(79,'contato@limpadoradescalvado.com.br','LEDA CRISTINA PINTO BORIN','descalvado','(19) 35836296_','Descalvado','Boa tarde, j se faz quase 24 horas que encaminhei um e mail, relatando que o laboratrio me garantiu que o exame de sexagem ficaria pronto para segunda feira aniversrio do meu marido e o mesmo no ficou, no tive retorno algum do laboratrio, agora no preciso mais saber o sexo do beb. s estou informando que no vou buscar o exame e muito menos pagar.ESPERO QUE O MNIMO QUE O LABORATRIO TENHA A FAZER  ME DAR UM RETORNO'),(80,'arpedrosoojr5@gmail.com','Victor Hugo','descalvado','997313233','Sucesso','Se voe for o responsavel por esse site clique nesse link abaixo e veja como usar o wathsapp para trabalhar para sua empresa  pagando menos do que uma pizza e use essa ferramenta a favor da sua empresa\r\n\r\nhttp://www.ganhecomwathsapp.vai.la\r\n\r\n\r\nBoas Vendas\r\nVictor Hugo\r\n'),(81,'portubrasil@bol.com.br','Portu Brasil Embalagens','descalvado','20854050','EMBALAGENS','Ola Uniprev\r\nPrecisando de SACOLAS DE PAPEL ou EMBALAGENS. \r\nFaa uma cotao conosco !!!\r\n\r\n\r\nE-mail de CONTATO: \" portubrasil@bol.com.br \"\r\n\r\nPortu Brasil Embalagens \r\n(11) 2085-4050 - (11) 2488-8088 \r\nportubrasil@bol.com.br\r\nwww.portubrasil.com.br \r\n\r\n\r\n************************* ATENAO ************************* \r\nPara no receber mais nossos emails, clique no LINK ABAIXO:\r\n\r\n\r\n.\r\nhttp://www.sairdalista.com?u=http://www.uniprev.com.br&c=a717388066532A50AEDC'),(82,'arpedrosoojr5@gmail.com','Victor Hugo','descalvado','997313233','Sucesso','Segue link com video explicativo\r\n\r\nhttp://www.promovasuaempresa.vai.la/\r\n\r\n\r\nobrigado\r\nVictor Hugo\r\n'),(83,'arpedrosoojr5@gmail.com','Victoria Pedroso','descalvado','997313233','Sucesso','Segue link com video explicativo\r\n\r\nhttp://www.ganhecomwathsapp.vai.la\r\n\r\n\r\nobrigado\r\nVictoria Pedroso\r\n'),(84,'arpedrosoojr5@gmail.com','Amanda Souza','descalvado','997313233','Sucesso','Aprenda economizar com energia solar e recupere o investimento em poucos meses depois  so lucro , chega de pagar preos altos na conta de luz\r\n\r\nhttp://www.ganhecomenergiasolar.vai.la/\r\n\r\n\r\nobrigado\r\nAmanda Souza\r\n'),(85,'arpedrosoojr5@gmail.com','Paula Bergamin','descalvado','997313233','Sucesso','a moda atual  aplicativos de descontos e aplicativos que devolvem seu dinheiro de volta, se cadastre e aprenda como econimizar com esse aplicativo chamado beblue \r\n\r\nhttp://www.ganhedescontosnascompras.vai.la\r\n\r\n\r\nobrigado\r\nPaula Bergamin\r\n\r\n\r\n'),(86,'arpedrosoojr5@gmail.com','Amanda Souza','descalvado','997313233','Sucesso','aprenda a usar o wathsapp a favor da sua empresa pagando menos do que uma pziza e tenha 7 dias de garantia para pedir seu dinheiro de vota\r\n\r\nhttp://www.ganhecomwathsapp.vai.la\r\n\r\n\r\nobrigado\r\nAmanda Souza\r\n'),(87,'arpedrosoojr5@gmail.com','Paula Bergamin','descalvado','997313233','Sucesso','a moda atual  aplicativos de descontos e aplicativos que devolvem seu dinheiro de volta, se cadastre e aprenda como econimizar com esse aplicativo chamado beblue clique nese link e coloque seu cpf e baixe o aplicativo assim que vc usar 20,00 em agum estabelecimento participane voe recupera parte do dinheiro e ganha r$5,00 por bonus de indicao e eu tambem ganho os 5,00 da indicao, obrigado pela ajuda \r\n\r\nhttp://www.ganhedescontosnascompras.vai.la\r\n\r\n\r\nobrigado\r\nPaula Bergamin\r\n\r\n\r\n'),(88,'arpedrosoojr5@gmail.com','Paula Bergamin','descalvado','997313233','Sucesso','a moda atual  aplicativos de descontos e aplicativos que devolvem seu dinheiro de volta, se cadastre e aprenda como econimizar com esse aplicativo chamado beblue clique nese link e coloque seu cpf e baixe o aplicativo assim que vc usar 20,00 em agum estabelecimento participane voe recupera parte do dinheiro e ganha r$5,00 por bonus de indicao e eu tambem ganho os 5,00 da indicao, obrigado pela ajuda \r\n\r\nhttp://convite.beblue.com.br/93f4bb7860fc4f17ace061947fac3b1e\r\n\r\n\r\nobrigado\r\nPaula Bergamin\r\n\r\n\r\n'),(89,'Jeniferoliveira241@gmail.com','Jenifer','descalvado','(16) 996344569','Descalvado','Gostaria de saber se tem alguma pessoa com o nome de Ariadyne de oliveira da silva no plano da minha mae chamada \r\nEdna EDELINA de oliveira'),(90,'ad-nilson@hotmail.com','ADENILSON S. P. DE LIMA','descalvado','(19) 35836930','DESCALVADO','OLA UMA INFORMAO AI VOCS FAZEM EXAME PRA SABER SE A PESSOA TEM FARINGITE E SE FAZ QUAL O VALOR DO EXAME (SERIA PARTICULAR) DESDE JA AGRADEO A ATENO. OBRIGADO'),(91,'retorno@gmail.com','Paula Bergamin','descalvado','997313233','Sucesso','aprenda a arrumar celulares e ganhe uma renda extra\r\n\r\nhttps://go.hotmart.com/R4925663R\r\n\r\nATT.  Paula Bergamin\r\n\r\n'),(92,'retorno@gmail.com','Paula Bergamin','descalvado','997313233','Sucesso','detalhes no link \r\n\r\nhttps://go.hotmart.com/K6176250P?ap=30c3\r\n\r\nATT.  Paula Bergamin\r\n\r\n'),(93,'retorno2@gmail.com','Paula Bergamin','descalvado','997313233','Sucesso','detalhes no link \r\n\r\nhttps://go.hotmart.com/P6161080P\r\n\r\nATT.  Paula Bergamin\r\n\r\n'),(94,'retorno2@gmail.com','Paula Bergamin','descalvado','997313233','Sucesso','detalhes no link aproveite e pegue o seu ebook gratuito \r\n\r\nhttps://go.hotmart.com/W5054889J\r\n\r\nATT.  Paula Bergamin\r\n\r\n'),(95,'Randrade921@gmail.com','Roberto andrade','descalvado','(92) 993532174','SILVES','Boa tarde!\r\nGostaria de informar. O falecimento do meu pai sgt. Bertolino oliveira de andrade. No dia 07/07 as 21:30. Saber mais informao do que acontece. O mesmo vi em seu contra cheque os descontos todos os meses. \r\n    \r\nGrato. \r\n\r\nRoberto andrade \r\n      (Filho)'),(96,'retorno2@gmail.com','Airton Junior','descalvado','997313233','Sucesso','J ouviu falar do Beblue?  um aplicativo que devolve parte do seu dinheiro quando fizer compras em postos, restaurantes, etc. Faa o cadastro e download do app por esse link e ns ganhamos R$5 cada. Basta voc comprar algo de R$20 ou mais, com seu carto, usando o app.\r\n\r\n\r\nhttp://convite.beblue.com.br/93f4bb7860fc4f17ace061947fac3b1e\r\n\r\n\r\nAtt. Airton Junior'),(97,'elitecarioca@globo.com','Grfica Elite Carioca','descalvado','(21) 995465559','Rio de Janeiro','Prezados,\r\nGostaria de pedir uma oportunidade, para nossa empresa participar da cotao dos seus materiais grficos,\r\nestamos h mais de 25 anos no mercado, temos largo conhecimento no seguimento.\r\nFaa uma visita em nosso site, l temos alguns de nossos trabalhos.\r\n\r\n-- \r\nRicardo \r\n\r\nCel.: 2199546-5559 WthasApp\r\nwww.graficaelitecarioca.com.br\r\nwww.facebook/Grafica Elite Carioca\r\n\r\n\r\n'),(98,'anabahsilva@gmail.com','Ana Lucia','portoferreira','(19) 996397918','porto ferreira','Gostaria de saber como me conveniar com vs agradeo desde j'),(99,'lucenacia@gmail.com','Marcia Gonalves Lucena','descalvado','(47) 999770959','Balneario Camboriu','Bom dia \r\nNo estou conseguindo acessar meu plano. \r\nObrigada\r\nMrcia '),(100,'randrade921@gmail.com','Roberto andrade','descalvado','(92) 993532174','Silves am','Gostaria de mais informao de vcs. Meu pai faleceu e a empresa. Precisa saber o nome de quem esta o seguro. Falecido: bertolino oliveira de andrade. Sou filho e aguardo resposta.\r\nGrato desde j!'),(101,'danielgmfilho@uol.com.br','Daniel Gomes de Mattos Filho','descalvado','(19) 992870228','Descalvado-SP','Bom dia! Gostaria de saber se este canal  usado para mensagens normais. Estou precisando de um servio de emergncia de encanador. No  necessrio ser imediatamente, mas precisaria ser hoje.  um pequeno vazamento em uma torneira e estou em outra cidade.  '),(102,'rosangelaloira51@gmail.com','Rosangela de Ftima Alexandrino','portoferreira','(19) 981847541','Porto Ferreira','COMO FAO PRA ALUGAR UM ANDADOR DE ADULTO E QUAL O VALOR ???? '),(103,'rosangelaloira51@gmail.com','Rosangela de Ftima Alexandrino','descalvado','(19) 981847541','PORTO FERREIRA','PODE ME MANDAR FOTO DO ANDADOR QUE VOCS ALUGAM ????    DE ALUMNIO ?????? '),(104,'rosangelaloira51@gmail.com','Rosangela de Ftima Alexandrino','descalvado','(19) 981847541','PORTO FERREIRA','ASSIM QUE RECEBER ESSA MSG ME MANDA FOTO DO ANDADOR QUE VOCS ALUGAM'),(105,'rosangelaloira51@gmail.com','Rosangela de Ftima Alexandrino','descalvado','(19) 981847541','PORTO FERREIRA','PODE ME INFORMAR O VALOR DO ANDADOR DE IDOSO PARA COMPRA ME MANDE FOTO'),(106,'peiig@hotmail.com','Paulo','descalvado','(21) 965492891','Rio de Janeiro','Como fao para entrar em contato. Sobre o meu plano. Qual endereo e telefone na cidade do Rio de Janeiro!\r\nGrato\r\nPaulo'),(107,'KLEBER.MIRANDA@OUTLOOK.COM.BR','Kleber Miranda','descalvado','(11) 993397768','taboaoa serra','Kleber Miranda                                                                \r\n\r\nBrasileiro, 38 anos, casado, 1 filho, CRBM1: 32118   CREF: 103423-G/SP\r\nRua Maria Abadia dos Santos, 107 - Bl 2  Apto 192\r\nTaboo da Serra - SP \r\n(11)4164-2426  /  99339-7768\r\nkmpersonall@gmail.com /kleber.miranda@outlook.com.br\r\n\r\n\r\nOBJETIVO\r\nAtuar como Biomdico\r\nESCOLARIDADE\r\n-	Graduado em  Biomedicina com habilitao em Fisiologia humana, Fisiologia do Exerccio, Acupuntura, Imagem (Centro Universitrio Anhanguera - 2016).\r\n-	Graduado em  Educao Fsica (Centro Universitrio Anhanguera - 2012).\r\n-	Tcnico em Eletrnica - ITB (Instituto Tcnolgico de Barueri) -1997\r\n\r\nIDIOMAS\r\nEspanhol: leitura bsica, escrita bsica, conversao bsica\r\nIngls: leitura bsica, escrita intermediria, conversao bsica\r\n                  \r\n                                       \r\n\r\n                                 EXPERINCIA PROFISSIONAL\r\n\r\n\r\nCentro de Reabilitao Lucy Montoro Janeiro/2017 a julho 2017\r\nCargo: Biomdico estagirio em Fisiologia do exerccio e imagenologia e professor de educao Fsica na rea de Condicionamento fsicos para portadores de leso medular completa e incompleta.\r\nAtividades realizadas: avaliao e anlise de todas as rotinas de exames que se reportam a parte fisiolgica e de parte de imagem para montagem e controle das variantes do programa de condicionamento fsico para portadores de leso medular completa e incompleta.\r\n\r\nClinica SAMPA SOCCER  Abril/2016 a Janeiro/2017\r\nCargo: Biomdico estagirio na rea de fisiologia humana e fisiologia do exerccio e imagenologia.\r\nAtividades realizadas: avaliao e anlise de todas as rotinas de exames que se reportam a parte fisiolgica e de parte de imagem para montagem e controle das variantes dos treinamentos de atletas profissionais de diversas modalidades esportivas.\r\n\r\nHTM Ginstica laboral e Ergonomia - Novembro/2013 a Dezembro/2015\r\n\r\nCargo: Professor de Educao Fsica Pleno\r\n\r\nAtividades realizadas: Aulas de ginstica laboral e elaborao de programas de sade e qualidade de vida do trabalho em empresas multinacionais (GE e ECOLAB)\r\n\r\nGalpo Atltico Academia - Maro/2012 a Junho/2013\r\n\r\nCargo: Professor de Educao Fsica\r\n\r\nAtividades realizadas: Professor de Musculao, montagem, manuteno e aplicao de Programas de condicionamento fsico de acordo com a necessidade e objetivo de cada aluno; \r\n- Orientao e direcionamento para objetivos traados na anamnese com a aplicao do programa especfico de treinamento; \r\n- Ministrao de Cursos de Capacitao profissional Para Professores  Curso de Biomecnica aplicada a Musculao;\r\n- Criao e montagem do processo de padronizao de nomenclatura e exerccios da academia;\r\n- Atuao tambm na natao, avaliao fsica e programa especial de equilbrio muscular especfico, trabalho diferenciado e especfico para atletas profissionais de diversas modalidades esportivas.\r\n\r\nCPM Braxis Capgemini  Maio /2010 a Junho /2013\r\n (empresa de grande porte no segmento consultoria)\r\nCargo: Consultor SAP SD Junior \r\nAtividades realizadas: Atendimento e acompanhamento de chamados junto ao usurios relacionados aos processos de vendas e distribuio da empresa OI; \r\nInterfaces SIEBEL  SAP no processo de SD; Ordens de Venda, Remessa, Faturamento e configurao de dispositivo de Sada; NF-e acompanhamento nos processos de nota fiscal eletrnica; \r\n\r\nCargo: Atendente Help Desk N1\r\nAtividades Realizadas : Abertura e Encaminhamento e atualizao de incidentes e solicitaes aos correspondentes mdulos SAP e acompanhamento de SLA dos mesmos atravs da ferramenta C.A. ( Ferramenta de controle de incidentes e solicitaes ) \r\n\r\n\r\n\r\n\r\n                                CURSOS EXTRACURRICULARES\r\n\r\n- Biomecnica das Leses do Esporte (ACM 2006);\r\n- Frum de Treinamento Desportivo (ACM 2006);\r\n- Academia SAP SD ( OPA, 2010 )\r\n- Musculao na terceira Idade (Hospital das Clnicas -2012);\r\n- Ministrao de treinamento sobre fora na reabilitao de Patologias do Joelho (Galpo Atltico Academia - 2013);\r\n- Jornada de Ressonncia Magntica e Tomografia Computadorizada (Hospital Srio Libans, setembro 2013)\r\n- Ministrao de Palestra sobre Atividade Fsica e Qualidade de Vida na Empresa GE e na Empresa Ecolab Qumica (HTM 2015); \r\n- Jornada de Ressonncia Magntica e Tomografia Computadorizada (Hospital Srio Libans, setembro 2016).\r\n'),(108,'lorenas2andre@hotmail.com','lorena','descalvado','(94) 991810214','maraba','Boa tarde\r\nestou tentando ligar pra uniprev de Imperatriz mas nao consigo preciso verificar se os exames do meu filho estao prontos'),(109,'ivanlbc73@gmail.com','ivan luiz brito de carvalho','portoferreira','(21) 988637179','rio de janeiro','gostaria de saber da minha situaao na uniprev porque minha mae me colocou como dependente dela mas eu nao sei de nada de voces '),(110,'aparecidaecio@754.yahoo.com','aoarecida anesia soares alves','descalvado','(19) 998876979','porto ferreira','costaria de trabalhar na parte de atendimento funerrio ...mas na cidade de porto ferreira'),(111,'aparecidaecio@754.yahoo.com','aoarecida anesia soares alves','descalvado','(19) 998876979','porto ferreira','costaria de trabalhar na parte de atendimento funerrio ...mas na cidade de porto ferreira'),(112,'aparecidaecio@754.yahoo.com','aoarecida anesia soares alves','descalvado','(19) 998876979','porto ferreira','costaria de trabalhar na parte de atendimento funerrio ...mas na cidade de porto ferreira'),(113,'aparecidaecio@754.yahoo.com','aoarecida anesia soares alves','descalvado','(19) 998876979','porto ferreira','costaria de trabalhar na parte de atendimento funerrio ...mas na cidade de porto ferreira'),(114,'aparecidaecio@754.yahoo.com','aoarecida anesia soares alves','descalvado','(19) 998876979','porto ferreira','costaria de trabalhar na parte de atendimento funerrio ...mas na cidade de porto ferreira'),(115,'aparecidaecio@754.yahoo.com','aoarecida anesia soares alves','descalvado','(19) 998876979','porto ferreira','costaria de trabalhar na parte de atendimento funerrio ...mas na cidade de porto ferreira'),(116,'aparecidaecio@754.yahoo.com','aoarecida anesia soares alves','descalvado','(19) 998876979','porto ferreira','costaria de trabalhar na parte de atendimento funerrio ...mas na cidade de porto ferreira'),(117,'aparecidaecio@754.yahoo.com','aoarecida anesia soares alves','descalvado','(19) 998876979','porto ferreira','costaria de trabalhar na parte de atendimento funerrio ...mas na cidade de porto ferreira'),(118,'aparecidaecio@754.yahoo.com','aoarecida anesia soares alves','portoferreira','(19) 998876979','porto ferreira','gostaria  de fazer parte do quadro de fucionario atendimento funerario'),(119,'aparecidaecio@754.yahoo.com','aoarecida anesia soares alves','portoferreira','(19) 998876979','porto ferreira','gostaria  de fazer parte do quadro de fucionario atendimento funerario'),(120,'aparecidaecio@754.yahoo.com','aoarecida anesia soares alves','portoferreira','(19) 998876979','porto ferreira','gostaria  de fazer parte do quadro de fucionario atendimento funerario'),(121,'betinha_bastos@hotmail.com','Elisabete','portoferreira','(19) 992465825','Sta.Cruz das Palmeiras-SP','Gostaria de saber mais sobre o plano de cremao.\r\n\r\nObrigada'),(122,'RIBEIROS3@YAHOO.COM.BR','REGINA APARECIDA RIBEIRO','descalvado','(11) 963401797','SO PAULO','Boa tarde! Gostaria de saber o valor da mensalidade para exames e consultas. Eu tenho uma endoscopia digestiva alta com pesquisa de H.Pilory, quanto pagaria com o carto Uniprev e quais os locais q poderia realizar, sendo que moro em So Paulo, zona sul bem prximo ao ABCD, Obrigada pelo contato. '),(123,'onlinedivulgarsitessdf@gmail.com','Antonio Marques','onlinedivulgarsitessdf@gmail.com','992329323','So Paulo','Quer deixar seu site no topo do Google e obter muito mais resultados com ele, conhea o software que faz isso para voc  www.pcg.onlinerenda.com.br\r\n\r\n\r\n'),(124,'ritasarte@ig.com.br','RITA MARIA SARTE','descalvado','(21) 971693795','Rio de Janeiro','Bom dia ,gostaria de saber quais servios tenho direito pois tenho desconto em meu contracheque de 24 reais e no utilizo nenhum servio;. Agradeo e aguardo.\r\nCPF. 56643519772\r\nServidor aposentado municipal RJ'),(125,'onlinedivulgarsitessdf@gmail.com','Antonio Marques','onlinedivulgarsitessdf@gmail.com','992329323','So Paulo','Quer ganhar dinheiro na internet, sou desenvolvedor de um software de divulgao online, voc pode indicar em seu site esse programa colocando um banner, link ou algo do tipo, e sempre que algum visitar meu programa atravs de seu link e posteriormente efetuar a compra voc ganha 50% do valor da venda do software, ofereo o link, banners e acesso a painel de controle para verificar suas comisses, para saber mais visite https://programadivulgarsite.com.br/revendedor.html \r\n\r\n'),(126,'priscilaalv3s@gmail.com','Priscila Alves','portoferreira','(19) 992161204','Porto ferreira','Boa noite\r\nTenho uma Clnica de esttica e gostaria de saber como fao para fazer parte do grupo de profissionais em parceria com voc?\r\nO que  preciso levar, fazer algum cadastro?\r\nDesde j grata.'),(127,'onlinedivulgarsitessdf@gmail.com','Antonio Marques','onlinedivulgarsitessdf@gmail.com','992329323','So Paulo','Quer ganhar dinheiro na internet, sou desenvolvedor de um software de divulgao online, voc pode indicar em seu site esse programa colocando um banner, link ou algo do tipo, e sempre que algum visitar meu programa atravs de seu link e posteriormente efetuar a compra voc ganha 50% do valor da venda do software, ofereo o link, banners e acesso a painel de controle para verificar suas comisses, para saber mais visite https://programadivulgarsite.com.br/revendedor.html \r\n'),(128,'maurizia.santos@hotmail.com','Maurizia Bezerra dos Santos ','portoferreira','(19) 35813824','Porto Ferreira','Boa tarde .. gostaria de solicitar uma prvia em esclarecimentos de como saber os valores do Plano de Sade Individual!! Aguardando um retorno Obrigada Maurizia'),(129,'marcelo@cerebralmusic.com.br','Maestro Marcelo Fagundes','descalvado','11996569137','Jundia','Ol.\r\nQuero te convidar a conhecer a Terapia com Msica Binaurais - Reprogramando suas Ondas Cerebrais que venho aplicando e estudando a mais de 10 anos.\r\nConhea melhor o meu trabalho no site:\r\nwww.cerebralmusic.com.br\r\n\r\nEsta terapia esta revolucionando os tratamentos, veja o que podemos fazer:\r\nTratamentos feitos com Sucesso:\r\nDficit de ateno em crianas e adultos\r\nVcios como o lcool e o Cigarro\r\nPresso alta\r\nEstresse e Ansiedade\r\nTristeza Crnica\r\nMal Humor\r\nInsnia\r\nAlergias\r\nDoenas respiratria\r\nDores Crnicas, Cefalias e musculares\r\nObesidade\r\nFalta de apetite, anorexias e bulimias\r\nFalta de Foco e Motivao\r\nSndrome do Pnico, traumas e medos \r\nAumento da Criatividade e Inteligncia\r\nPerda da Memria atual ou passada\r\nTPM\r\nRejuvenescimento\r\nAlzheimer\r\nSequelas do AVC'),(130,'silva.ap86@gmail.com','Aparecida santos da silva','descalvado','(11) 984330272','Sao Paulo','Boa noite, \r\n Gostaria de saber maiores informacoes sobre os planos, plano individual se possivel passar as informacoes via email.'),(131,'frednumero1@hotmail.com','suely ferreira da silva','descalvado','(81) 988786754','RECIFE','A ASSOCIADA GENI ROCHA DA SILVA CPF(010-6339434)  FALECEU;15-09-2017 ERA DESCONTADO DO SEU SALARIO DE PENSIONISTA MILITAR UM SEGURO NO VALOR DE 6.00 REAIS. POR DIVERAS VEZES PROCUREI ENTRAR EM CONTATO SEM RESULTADO. O NUMERO DO    SEU CONTRATO E: 20-1051179-07. FAVOR ENTRAR EM CONTATO.'),(132,'alberto.dimas@outlook.com','Alberto Dimas Soibrinho','descalvado','(13) 35063303','Mongagua- Litoral Sul','Favor me mandar contato em So Paulo muito obrigado '),(133,'keila_jaque@yahoo.com.br','eila mota lopes ','descalvado','(92) 982507553','Manaus ','Quero saber a situao do meu seguro '),(134,'keila_jaque@yahoo.com.br','eila mota lopes ','descalvado','(92) 982507553','Manaus ','Eu nao tenho o nmero da minha aplice gostaria de fala com vc pra tira algumas dvidas '),(135,'jonathan.direito@bol.com.br','Jonathan Pereira de Sousa','descalvado','(21) 31579146','Rio de Janeiro','Prezados, boa tarde!\r\n\r\nMeu av era funcionrio da prefeitura do Rj e faleceu a pouco tempo, ao analisar o contra cheque dele para dar entrada na penso para minha av notei um desconto desde o ano de 2016 a ttulo de UNIPREV no valor de R$  64,90 com ultima parcela descontada em setembro ms do falecimento e comunicao de falecimento a prefeitura, gostaria de saber do que se tratava os descontos mensais, aguardo contato. obrigado.'),(136,'rosarusca@hotmail.com','ROSA M D N RUSCA','descalvado','(13) 997356772','Santos','Boa tarde, pou um lapso, no paguei a mensalidade do mes de outubro/2017. Peo q me envie a cobrana por email para que eu possa efetu-la\r\nGrata pela ateno'),(137,'contato@solbrilhante.com.br','CPereira','contato@solbrilhante.com.br','957233283','Po','Lanamento:\r\nGel Clareador para dentes\r\nPeroxido Carbamida 44%\r\n\r\nIncludo no Pacote:\r\n10 X Whitening Gel (3ml por cada)\r\n2 X ltimas bandejas de arco termoformomtrico de design\r\n1 X luz de clareamento de luz fria\r\n1 Guia Profissional de sombra de dentes 3D X\r\n\r\nvalor R$75,00 + frete\r\n\r\n\r\n\r\n\r\n\r\n\r\n\r\n'),(138,'FABIANOGODOY890@GMAIL.COM','MANUTENAO DO LAR','descalvado','(19) 993100628','DESCALVADO SP','OLA BOA TARDE  TEMOS UMA EMPRESA DE PRESTAO DE SERVIOS RESIDENCIAIS  E MUITAS VEZ  VOU EM CASA DE CLIENTES QUE ME FALA DE VC  GOSTARIA DE SABER SE A  UM INTERESSE  DE VC EM FAZER UMA PARCERIA  \r\n'),(139,'caroldoporto@hotmail.com','Ana Carolina Mattos','descalvado','(19) 993604277','Porto Ferreira','Boa tarde,\r\nSou Biomdica, com 5 anos de experincia em laboratrio de Anlises Clnicas, e gostaria de um contato (e-mail) para encaminhar um currculum ao laboratrio da Uniprev. \r\nAguardo retorno, att. '),(140,'soniaamotta@gmail.com','Sonia Aparecida Motta','descalvado','(19) 35833312','Descalvado','Boa noite.\r\nO mdico do meu filho precisa ter acesso dos exames feitos. Ele  de Ribeiro Preto. No sistema pede chave e senha. Como ele pode acessar?'),(141,'grupocomercial@terra.cm.br','Regina','grupocomercial@terra.cm.br','94441-4016','So Paulo','Elevador Comercial \r\nElevador Residencial\r\nElevador Monta Carga\r\nPlataforma Acessilibidade\r\n\r\n\r\n\r\nApartir R$ 8000,00  \r\n\r\n\r\n'),(142,'a.poiatti@uol.com.br','Enedina Scalesi Poiatti','descalvado','(11) 999776344','Descalvado','Boa tarde, sou o representante legal  da conveniada Enedina S. Poliatti, CPF 056.547.718-84, e necessito saber como devo proceder para receber o termo de quitao de dbitos referente ao ano de 2017.\r\nMuito obrigado pela ajuda.'),(143,'flavia.zen@hotmail.com','flavia cristiane da silva zen','descalvado','(51) 32661569','Porto Alegre','oi, gostaria de informao sobre meu emprstimo, qual o valor pra quitao? '),(144,'contato@solbrilhante.com.br','Pereira','contato@solbrilhante.com.br','957233283','Po','\r\n\r\n Lanamento - Gel Clareador para dentes Peroxido Carbamida 44% Includo no Pacote: \r\n10 X Whitening Gel (3ml por cada) \r\n2 X ltimas bandejas de arco termoformomtrico de design \r\n1 X luz de clareamento de luz fria\r\n1 Guia Profissional de sombra de dentes 3D X \r\nvalor R$75,00 + frete \r\n\r\nwww.solbrilhante.com.br  \r\ncontato@solbrilhante.com.br \r\n11-957233283 oi  \r\n\r\n\r\n'),(145,'dasilvapereiraedna@gmail.com','Edna da Silva Pereira','descalvado','(62) 986393375','Rubiataba','Quero saber sobre minha situao junto a Uniprev. O que tenho direito e at quando preciso pagar.'),(146,'miranda-meire@bol.com.br','Meire Cristina Miranda ','descalvado','(19) 35834695','Descalvado','Boa noite,gostaria de obter informaes sobre os planos ,rede de atendimento,valores etc \r\nAguardo retorno '),(147,'miranda-meire@bol.com.br','Meire Cristina Miranda ','descalvado','(19) 35834695','Descalvado','Boa noite,gostaria de obter informaes sobre os planos ,rede de atendimento,valores etc \r\nAguardo retorno '),(148,'Juliana17_desc@hotmail.com','Juliana ','descalvado','(19) 994368564','Descalvado','Como eu fico sabendo a chave e a senha do meu exame? '),(149,'tanodavila@gmail.com','Jaqueline Rodrigues Faria','descalvado','(22) 998452819','Cabo Frio','sou beneficiareia da sr Norma Pinto Rodrigues ;Matricula;0685479 e gostaria de saber se tenho direito a algum tratamento de sade ou coisa parecida?   aguardo contato.'),(150,'tianodavila@gmail.com','Jaqueline Rodrigues FARIA','descalvado','','cabo frio','o email correto e tianodavila@gmail.com'),(151,'falencar47@yahoo.com','Felipe Neri Ribeiro de Alencar','descalvado','(21) 966309919','Nilpolis RJ','Solicito cpia de contrato com essa instituio, conforme desconto em Bilhete de Pagamento do solicitante.\r\nCordialmente, \r\nFelipe  Alencar'),(152,'m.freitas_2@hotmal.com','Marisa freitas','descalvado','(11) 974255144','Praia grande  sp','Gostaria  de saber se tem hospitais  e clnicas na baixada santista  e os valores pra plano familiar'),(153,'cooricosta@yahoo.com.br','CORINA MARIA RODRIGUES COSTA','portoferreira','(63) 992212345','araguaina Tocantins','Solicito telefone contato para solicitao de resgate plano peclio, referente a Proposta de Subscrio  n   21187 de 14/01/2000.'),(154,'cooricosta@yahoo.com.br','CORINA MARIA RODRIGUES COSTA','portoferreira','(63) 992212345','araguaina Tocantins','Solicito telefone contato para solicitao de resgate plano peclio, referente a Proposta de Subscrio  n   21187 de 14/01/2000.'),(155,'cooricosta@yahoo.com.br','CORINA MARIA RODRIGUES COSTA','portoferreira','(63) 992212345','araguaina Tocantins','Solicito telefone contato para solicitao de resgate plano peclio, referente a Proposta de Subscrio  n   21187 de 14/01/2000.'),(156,'cooricosta@yahoo.com.br','CORINA MARIA RODRIGUES COSTA','portoferreira','(63) 992212345','araguaina Tocantins','Solicito telefone contato para solicitao de resgate plano peclio, referente a Proposta de Subscrio  n   21187 de 14/01/2000.'),(157,'cooricosta@yahoo.com.br','CORINA MARIA RODRIGUES COSTA','portoferreira','(63) 992212345','araguaina Tocantins','Solicito telefone contato para solicitao de resgate plano peclio, referente a Proposta de Subscrio  n   21187 de 14/01/2000.'),(158,'cooricosta@yahoo.com.br','CORINA MARIA RODRIGUES COSTA','portoferreira','(63) 992212345','araguaina Tocantins','Solicito telefone contato para solicitao de resgate plano peclio, referente a Proposta de Subscrio  n   21187 de 14/01/2000.'),(159,'cooricosta@yahoo.com.br','CORINA MARIA RODRIGUES COSTA','portoferreira','(63) 992212345','araguaina Tocantins','Solicito telefone contato para solicitao de resgate plano peclio, referente a Proposta de Subscrio  n   21187 de 14/01/2000.'),(160,'vaniatorrejon@terracom.br','Vania Torrejon Martins','descalvado','(11) 44443622','Franco da Rocha','Boa tarde!!!\r\nPor gentileza . Estou preciso comprovante de rendimento de 2017.'),(161,'financeiro@mammygestante.com.br','Umberto Donatoni Pecenin','descalvado','(11) 993127040','So Paulo','Boa Noite Prezados, \r\nSou o Umberto Donatoni Pecenin, inscrio : 286, residente na Rua Carlito Mayesi, 126, Jardim Belem, Descalvado/SP.\r\nComunico que meu endereo de e-mail atual  : financeiro@mammygestante.com.br,  e o numero de celular e w.zapp  : 11-993127040 e o telefone fixo  11-30440866.\r\nSolicito tambm a gentileza  de enviar um novo boleto com vencimento para dia 28/02/2018, pois no foi possvel fazer o pagamento na data do vencimento, ou seja 24/02/2018, estava fora de So Paulo. Se por acaso for facilitar, posso efetuar depsito em conta corrente indicada por vocs.\r\nMuito obrigado  e desculpe os transtornos, \r\nAguardo Retorno\r\n\r\n'),(162,'patricinha_ff@hotmail.com','Marcia Helena Adriano','portoferreira','(19) 992098078','Porto Ferreira',' \r\nPor favor, gostaria de verificar se ainda  possivel acrescentar mais um dependente em meu convenio. Pedro Henrique Fernandes, 29/06/2005'),(163,'vinicius_delima@hotmail.com','Vinicius de Lima Soriano','descalvado','(14) 997616331','marilia','Oi bom dia sou cirurgiao dentista e quero saber como me tornar credenciado na rede Uniprev. Obrigado'),(164,'keila_jaque@yahoo.com.br','KEILA MOTA LOPES','descalvado','(92) 982507553','MANAUS','TENHO UM DESCONTO NO MEU CONTRA CHEQUE ALGUNS ANOS DE 5.00 REIAS GOSTARIA DE SABER O QUE TENHO DIREITO. '),(165,'marketingbrasilantonio@gmail.com','Antonio Marques','marketingbrasilantonio@gmail.com','993786545','Brasilia','Fiz uma visita a seu site, achei muito bom, tenho uma ferramenta que pode triplicar as suas vendas online, sou programador e tenho alguns programas que ficam divulgando seu site Automaticamente o dia todo no piloto automtico, pode dar uma olhada nos meus programas no site tenho certeza que vai dobrar seus lucros https://programadivulgarsite.com.br/portfolio\r\n\r\n\r\n\r\n\r\n\r\n'),(166,'mizinha_mattaoliveira@yahoo.com.br','Millena da Matta Oliveira','descalvado','(19) 992499710','Descalvado','Sou Biomedica e gostaria de colocar meu curriculum  disposio caso ocorra o surgimento de uma vaga diponvel em minha rea de atuao ( Anlises Clnicas) a qual sou profissional  12 anos. Grata'),(167,'contato@vipdiesel.com.br','Oficina Vip Diesel','contato@vipdiesel.com.br','9 4744-4437','So Paulo ','Revisao Diesel Multimarcas, a partir de 399,00\r\n\r\nRetifica de Turbina a partir de 499,00\r\n\r\nRetifica de Bomba Injetora  apartir de 699,00\r\n\r\nRetifica de bico injetor a partir de 399,00\r\n\r\nRetifica de Turbina e Oficina Diesel e Especializada em Caminhes Caminhonetes e Veculos Pesados.\r\n\r\nDespachamos para todo o Brasil\r\n\r\nRetifica de Turbina \r\nguincho leva e traz gratis So Paulo e Regio\r\nhttp://vipdiesel.com.br/\r\nTelefone: (11) 2304-0534 | (11) 9 4744-4437 whats app Oficina Diesel.\r\n\r\nO atendimento  personalizadoe gil. \r\nNormas tcnicas de segurana diferenciam nossos servios.\r\n\r\n\r\n\r\n\r\n\r\n\r\n\r\n\r\n\r\n'),(168,'michel@e-assis.com.br','Nicolas','michel@e-assis.com.br','2378-7244','Mogi das Cruzes','Ol, tudo bem ?\r\n\r\nVisitamos o seu site e percebemos que ele esta desatualizado, voc deseja atualiza-lo ?\r\n\r\nA E-Assis est h mais de 16 anos desenvolvendo solues para internet, veja alguns dos nossos servios.\r\n\r\n- Criao de Sites Institucionais\r\n- Lojas Virtuais Personalizadas\r\n- Sistemas Personalizados\r\n- Aplicativos\r\n- Hospedagem Profissional\r\n\r\nCaso tenha interesse nas nossas solues, estaremos  disposio para atend-lo.\r\n\r\nObrigado\r\n\r\nE-Assis Consultoria\r\nSite: http://www.e-assis.com.br\r\nE-mail: atendimento@e-assis.com.br\r\nTel: 11-23782425\r\nWhatsapp: 11-982421165\r\n\r\n\r\n'),(169,'maretur@maretur.com.br','Viagem Aerea So Paulo p/ Argentina','maretur@maretur.com.br','982511109 ','So Paulo ','Viagem Aerea So Paulo p/ Argentina Salta Trem nas Nuvens p/ Jujuy             Salta e Jujuy cidades ao Norte da Argentina nas encostas da Cordilheira dos Andes, Fronteira com a Bolvia e Chile, to espetacular quanto o deserto de Atacama, que so terras vizinhas.\r\nCom Vales verdejantes, penhascos ridos e coloridos, salinas que se perdem at o horizonte, rios translcidos, povos indgenas, vilarejos, cidadelas com vida prpria e um rico artesanato.\r\nValor da parte terrestre e area\r\n1 Apt. Duplo por pessoa US$ 1.556\r\nao cmbio 3.2 R$ 4.980,00\r\nEntrada de R$ 1,580,00 at\r\n12x de R$ 233,34 sem juros\r\n2 Apt. Individual US$ 1906,00\r\nAo cmbio de 3.2 R$ 6.099,00\r\nEntrada de R$ 2.099,00 at\r\n12x de R$ 334,00 sem juros\r\n\r\nhttps://www.facebook.com/roberto.sutherland.94/posts/938068879686044\r\n\r\n\r\n\r\n\r\n'),(170,'globalvagasbrasil@gmail.com','https://bit.ly/guiasegredosdaconquista','globalvagasbrasil@gmail.com','981039232','So Paulo','GUIA SEGREDOS DA CONQUISTA\r\n\r\nNosso site  https://bit.ly/guiasegredosdaconquista\r\n\r\nDescubra agora os segredos para conquistar a pessoa amada de uma vez por todas!\r\nVenha fazer parte da Hinode Cosmticos   Nossa Equipe de Suporte espera por voc\r\nWhatsapp (99)98103-9232 falar com Jeni\r\nEmail jenielson@gmail.com\r\nLink de Cadastro; vo.hinode.com.br/1052651\r\n\r\n\r\n'),(171,'orcinaria@gmail.com','ORCINRIA VIEIRA CABRAL','descalvado','(64) 992260212','RIO VERDE GOIS','BOA TARDE!\r\n GOSTARIA DE SABER MAIS SOBRE O PLANO UNIPREV.\r\nOBRIGADA!'),(172,'roteixeiralopes@gmail.com','Rosangela','descalvado','(11) 26870227','So Paulo','Gostaria de saber se tem em SP, e como funciona'),(173,'marketingbrasil2018@gmail.com','Lucio Magno','marketingbrasil2018@gmail.com','000000000','Brasilia','Fiz uma visita a seu site, achei muito bom, tenho uma ferramenta que pode triplicar as suas vendas online, sou programador e tenho alguns programas que ficam divulgando seu site Automaticamente o dia todo no piloto automtico, assim como essa mensagem que voc esta recebendo agora que foi enviada a voc por um desses programas . Se interessar pode dar uma olhada nos meus programas no site tenho certeza que vai dobrar seus lucros https://loja.programadivulgarsite.com.br\r\n\r\npode me responder no site ou direto no email\r\nebookrevenda@gmail.com\r\n\r\n\r\n\r\n\r\n\r\n\r\n\r\n\r\n\r\n\r\n\r\n\r\n'),(174,'vendas@turbomidia.com.br','Turbo Mdia Marketing Digital','descalvado','16982586199','Ribeiro Preto','Turbo Mdia Marketing Segmentado\r\n\r\nQuer ter resultados de vendas em seu negcio?\r\nAnunciamos para o pblico que realemente tem interesse em seu produto ou servio.\r\nTemos software desenvolvidos pela nossa equipe capaz de filtrar o pblico dezejado.\r\nFaa um teste conosco de apenas um dia e veja os resultados.\r\nQuer conhecer nossos produtos, acesse:\r\nwww.turbomidia.com.br\r\nSua empresa sendo vitas 24Hs por dia, 7 dias por semana, 30 dias por ms.\r\nFale com um de nossos analistas.\r\nAcesse o link e fale diretamente pelo Whatsapp:\r\nhttp://bit.ly/TurboMidiaBusiness\r\ne-mail: vendas@turbomidia.com.br'),(175,'contato@vipdiesel.com.br','Vip Diesel Reviso Diesel- Amarok, Pajero, HR, Hilux, L200','contato@vipdiesel.com.br','9 4744-4437','SoPaulo','Precisando de uma Revisao Diesel ? \r\nRevisao Diesel Multimarcas, a partir de 399,00\r\n\r\nRetifica de Turbina a partir de 499,00\r\n\r\nRetifica de Bomba Injetora  apartir de 699,00\r\n\r\nRetifica de bico injetor a partir de 399,00\r\n\r\nRetifica de Turbina e Oficina Diesel e Especializada em Caminhes Caminhonetes e Veculos Pesados.\r\n\r\nDespachamos para todo o Brasil\r\nRetifica de Turbina \r\nguincho leva e traz gratis So Paulo e Regio\r\n\r\nhttp://vipdiesel.com.br/\r\n\r\nTelefone: (11) 2304-0534 | (11) 9 4744-4437 whats app Oficina Diesel.\r\n\r\nO atendimento  personalizadoe gil. Normas tcnicas de segurana diferenciam nossos servios.\r\n\r\n\r\n\r\n\r\n\r\n\r\n\r\n\r\n\r\n\r\n\r\n\r\n\r\n\r\n\r\n'),(176,'patricia.miciano@hotmail.com','Patrcia Miciano baldao ','descalvado','(16) 32028286','Jaboticabal','Boa noite .Tenho interesse  em saber se vocs atendem na minha cidade. Obrigada. '),(177,'free@freeclassificados.com','DIVULGO SEU SITE','descalvado','9111-1111','Descalvado','Ol Admin...\r\n\r\nDivulgamos seu site gratuitamente\r\nO que ganhamos com isso!\r\nGanharemos com sua visita em nosso site para publicar seu anncio.\r\nSua visita em nosso site  o suficiente.\r\nA divulgao  gratuita porm com bons resultados.\r\nFaa um teste.\r\n\r\nAcesse: www.freeclassificados.com\r\n'),(178,'janaina.rombardo@gmail.com','janaina mariano rombardo','portoferreira','(19) 996606698','porto ferreira','Bom dia\r\n\r\nGostaria de saber o preo do exame Eletrocardiograma pelo convenio'),(179,'zanazete@hotmail.com','Rosana de Oliveira Ferreira','descalvado','(11) 948046845','So Paulo','Ol boa tarde, gostaria de mais informaes sobre os planos.'),(180,'ceciliazullo@gmail.com','Cecilia Zullo','descalvado','(11) 983150098','So Pauloy','Ficaram de ligar para confirmar dados e debitaram o valor no meu carto. Gostaria de esclarecimentos seno irei cancelar.'),(181,'contato@vipdiesel.com.br','Retfica de Turbina','descalvado','11 7868-5356','So Paulo Guarulhos','Precisa de uma Turbina?\r\nOFICINA VIP Diesel ESPECIALIZADA EM TURBINA, \r\nBOMBA INJETORA DIESEL, BICO INJETOR E UNIDADE ELETRNICA UIS/UPS\r\nRETFICA COMPUTADORIZADA\r\nAt 40% de desconto\r\n\r\nRetfica de Turbina\r\n\r\nTurbo  um componente utilizado para fornecer mais ar para uma queima maior de combustvel, gerando assim uma maior potncia.\r\n\r\nRetfica de Turbina  a reposio e/ou manuteno de um ou mais componentes da turbina para que a mesma volte a funcionar de maneira satisfatria\r\n\r\nTurbina\r\n\"A potncia do motor est limitada a quantidade de ar que ele consegue aspirar\" A \"VIP Diesel\" oferece essa \"FORA EXTRA\"! Torna seu motor mais eficiente. Diminui o consumo especfico de combustvel.\r\nNa VIP Diesel voc tem o mais alto desempenho e performance para o seu turbo. Faa uma consulta sem compromisso. Teremos o prazer de atend-lo.\r\n\r\nRetfica\r\nMotores nacionais e importados  gasolina, diesel e GNV\r\nEstacionrios: Bombas em geral, Geradores\r\nLinha Leve: Carros de Passeio, Vans, Pickups, Caminhonetes\r\nLinha Pesada: Caminhes e nibus\r\nAgrcola: Tratores, Pulverizadores, Aeradores, (para psicultura)\r\nNaticos\r\nManuteno Preventiva\r\nOs desgastes naturais das peas ocasionam desbalanceamento, folga, vazamento de leo, fumaa e perda de rendimento. Revisar a turbina no tempo oportuno aumenta a vida til do equipamento. No caso de manchas descontinuadas, adaptamos seu tubo visando acompanhar a performance original e ou otimizao do mesmo. Vrios fatores ocasionam a danificao da turbina.\r\n\r\n\r\nPotencializao\r\nTrabalhamos com potncializao para qualquer necessidade que precisem suportar maior esforo axial do eixo, desde estacionrios at alto desempenho para competies!'),(182,'beatriz.na@hotmail.com','Beatriz','descalvado','(11) 341306454','Guarulhos','Bom dia.\r\nGostaria de saber, se voces tem outras unidades por So Paulo e qual o valor do Exame de Abdomem Inteiro?\r\n\r\nGrata.'),(183,'beatriz.na@hotmail.com','Beatriz','descalvado','(11) 341306454','Guarulhos','Bom dia.\r\nGostaria de saber, se voces tem outras unidades por So Paulo e qual o valor do Exame de Abdomem Inteiro?\r\n\r\nGrata.'),(184,'reciclariorj@gmail.com','Recicla-RJ','descalvado','(21) 22414798_','Rio de Janeiro','Esse e-mail destina-se ao responsvel pelo descarte do lixo eletrnico dessa conceituada empresa.\r\n\r\nSomos a Recicla-RJ, uma empresa que efetua a coleta e o correto descarte do lixo eletrnico (leve) gerado por empresas, condomnios e pessoas fsicas no Rio de Janeiro.\r\n\r\nPreocupados com a grande quantidade de lixo eletrnico jogado no lixo comum e nas ruas da cidade, estamos entrando em contato para colocar-nos ao seu inteiro dispor para coletar e dar destino final ao seu lixo eletrnico.\r\n\r\nAteno: O Servio de Coleta  Gratuito.\r\n\r\nPedimos externar aos seus funcionrios ou amigos porque tambm efetuamos coleta gratuita domiciliar.\r\n\r\nAcesse nosso site e solicite uma coleta ou envie um e-mail.\r\n\r\nNosso site: h t t p : / / w w w . r e c i c l a - r j . c o m . b r /  ou envie um e-mail para a f b 3 6 9 @ g l o b o . c o m  ou  r e c i c l a r i o r j @ g m a i l . c o m  ou\r\n\r\nr e c i c l a - r j @ r e c    i  c l a - r j . c o m . b r\r\n\r\nFacebook: w w w . f a c e b o o k . c o m / r e c i c l a r j r i o\r\n\r\nComo nossa referncia, pedimos que verifiquem quantas grandes empresas confiam na seriedade do nosso trabalho.\r\n\r\nAcesse nosso site e veja na rea de colaboradores.\r\n\r\nDescarte corretamente. No polua o meio ambiente.\r\n\r\nSe no precisar do servio no momento, divulgue a um amigo!\r\n\r\nAtenciosamente,\r\n\r\nArnaldo Fernandes Bezerra\r\n\r\nDiretor Geral\r\n\r\nRecicla-RJ - CNPJ 22377617/0001-63\r\n\r\n2241-4798 E 99297-3547 (Whatsapp)'),(185,'jonas_consignados@hotmail.com','Divino Alves Pereira','descalvado','(61) 993842744','Luzinia','Bom dia. Sou servidor do Estado de Goias , CPF: 291.175.501.49  Solicito informaes referente a um  ( Seguro,convenio)que vem descontado em meu contracheque. Que Seguro  esse? Quais vantagens tenho de te-lo.E se for o caso como fao para cancelar? e ter a restituio dos valores pagos?   Aguardo respostas.\r\n.\r\n       Respeitosamente: Divino Alves Pereira.'),(186,'germanolean@gmail.com','Germano de Carvalho Leandro','descalvado','(35) 988018503','Alfenas-MG','Boa Tarde, fui funcionrio da Empresa em Pouso Alegre-MG/Ades e fiz um plano familiar, e recebo constantemente um extrato desta conta, estou passando por dificuldades e gostaria de sacar este benefcio ou aber como poo ter acesso a ele.\r\nNo aguardo.'),(187,'xande.bboy@hotmail.com','Alexandre Floriano Gomes','descalvado','(47) 997593847','Itaja','Gostaria de saber se estou com cadastro ativo na uniprev ? '),(188,'antoniofsantoskokuj@gmail.com','Antonio F. Santos','antoniofsantoskokuj@gmail.com','992359770','So Paulo','Fiz algumas pesquisas no Google e acabei encontrando seu site, creio que possa te ajudar a ter ainda mais lucros com seu negocio, caso tenha interesse logicamente, sou programador e desenvolvi alguns programas que divulgam no automtico seu negocio e te traz muitos mais clientes, por exemplo:\r\n\r\nDivulgar Automaticamente em:\r\nMAIS DE 250 SITES DE CLASSIFICADOS GRTIS \r\nEM GRUPOS DO FACEBOOK\r\nEM GRUPOS DE EMAILS COM MILHES DE PESSOAS\r\nEM GRUPOS DO YAHOO\r\nDIVULGAR VIA EMAILS\r\nPROGRAMAS PARA EXTRAIR EMAILS\r\nENTRE OUTROS...\r\n\r\nCaso tenha interesse em dar uma impulsionada em seus negcios sinta-se a vontade para me retornar e irei te passar mais detalhes sobre os softwares, como usa-los, onde baixa-los, videos com depoimentos de clientes, entre outros que precisar, certamente voc vai ter mais retorno, no responda a esse email pois eu no atendo nele, caso tenha interesse pode me enviar um email para ebookrevenda@gmail.com. \r\n\r\nAntonio F. Santos\r\nDesenvolvedor web\r\nSite: https://programadivulgarsite.com.br/portfolio\r\n'),(189,'flaviamfrancisco@gmail.com','Flvia Francisco','descalvado','(19) 991926413','Descalvado','Informaes sobre plano odontolgico em descalvado \r\nObs que no seja pelo so Francisco'),(190,'dr.mcpimentell12@gmail.com','marco pimentel','descalvado','(92) 93874060','manaus am','ola boa tarde\r\neu gostaria do endereo e contato da uniprev na regio de Manaus amazonas.'),(191,'larafernanda21@hotmail.com.br','Lara','descalvado','(19) 994149707','Descalvado ','Boa noite. Colhi sangue hoje para dois exames, porem eu gostaria de cancelar um deles. Como colhi hoje acho que ainda no est em anlise ento acho que no haver problemas. Se for necessrio eu pago o exame mais no quero que o sangue seja analisado. Obrigada'),(192,'wagnersouzza2012@gmail.com','MOACIR MEDEIROS','descalvado','(84) 996646476','Natal','Boa noite.\r\nSou da Marinha e tenho a Uniprev. Gostaria de saber mais  informaes sobre a minha aplice. \r\nMoacir  Medeiros CPF : 031.313.004-34.\r\nAguardo o retorno, obrigado. '),(193,'anitalbaquer@bol.com.br','Anita Albaquer','descalvado','(19) 988726532','Descalvado','Bom dia\r\nDesde sexta feira estou tentando receber via email, ninguem me da retorno nenhum.\r\nGostaria de receber a relao dos lugares conveniados com a Uniprev.\r\nAguardo retorno'),(194,'contato@estampariarj.com.br','Lo Pessoa','contato@estampariarj.com.br','98585-6376','Niteri','Camisas personalizadas com a sua logo reforam a imagem da marca do seu negcio ou evento. E voc pode usar vrios outros itens como sacolas, canecas, avental, placas de MDF e muito mais.\r\n\r\nVenha conversar com a gente!\r\nWhatApp: (21) 98585-6376\r\n\r\n\r\n\r\n\r\n\r\n\r\n\r\n\r\n\r\n\r\n\r\n\r\n\r\n\r\n\r\n\r\n\r\n\r\n\r\n\r\n\r\n\r\n'),(195,'vendas@primesoltec.com.br','Prime - Solues em Tecnologia','vendas@primesoltec.com.br','3392-8266','So Paulo','\r\nFizemos  algumas pesquisas no Google e acabamos  encontrando seu site, creio que possamos ajudar a  melhorar o sistema de gesto do seu negcio, caso tenha interesse logicamente,\r\n\r\nDesenvolvemos o PRIME ERP - Sistema de Gesto Integrada.\r\n\r\nO Prime Gesto  um sistema online para gesto do seu negcio. Gerencie seus processos de vendas, compras, faturamento, financeiro e produo da sua empresa e acesse todos os dados  online e de qualquer lugar utilizando um computador,notebook, tablet ou smartphone.\r\n\r\nConhea mais : http://www.primegestaoerp.com.br/\r\n\r\nUm forte abrao\r\n\r\nMilton Gonalves\r\nGerente de Contas \r\n\r\n\r\n\r\n\r\n\r\n\r\n\r\n\r\n\r\n\r\n\r\n'),(196,'selmamarinajordao@gmail.com','Selma Marina Jordo ','portoferreira','(19) 991165841','Porto Ferreira','Gostaria de um informativo de profissionais conveniados tipo dentista mdico e psiclogos farmcia e etc...'),(197,'henriquejorgeferreiraferreira@gmail.com','Henrique Jorge Ferreira ','descalvado','(98) 983363170','So Jos de Ribamar Ma','Cancelar desconto da uniprev'),(198,'amadeu_tjruck@hotmail.com','Jos Rodrigues','descalvado','(16) 997752255','so Carlos','Ol gostaria de saber quando ficar pronto o exame de Sangue e DNA da filha de minha esposa que o ex namorado da minha esposa Eduardo Bretassini fez no dia 13/09/2018.O nome da minha esposa  Adilma Rodrigues da Silva e a filha dela  Luiza Rodrigues da Silva Bretassini \r\nVisto que no disponho de redes sociais estou mandando o em@il de um amigo e pode mandar os dados para o em@il dele!! Aguardo Respostas.Atenciosamente Jos Rodrigues  '),(199,'rogeriodelphino123@gmail.com','Rogrio do Nascimento Delphino','descalvado','(21) 979305738','RIO DE JANEIRO','prezados boa tarde estou vindo atraves deste email solicitar com urgencia a liberacao de minha margem ou seja baixa no meu cadastro junto a voces pois eu fiz a quitao total do meu consignado por meio de um boleto que me foi enviado por favor solicito que liberem minha margem, meu conveio e o exercito'),(200,'maryshimine@bol.com.br','Mariana Yshimine','descalvado','(16) 993658048','So Carlos','Boa tarde !!! Minha formao profissional  de auxiliar de laboratrio e tecnico de enfermagem.  Tenho experincia nos setores de hematologia e microbiologia e tbm coletadora. Gostaria de uma oportunidade de entrevista.  Muito obrigada. Mariana Yshimine '),(201,'maryshimine@bol.com.br','Mariana Yshimine','descalvado','(16) 993658048','So Carlos','Boa tarde !!! Gostaria muito de participar de uma entrevista com a equipe de vocs. Muito obrigado. Mariana Yshimine.'),(202,'mariano.machado@yahoo.com.br','Elaine Machado','descalvado','(14) 997499729','Botucatu','Boa tarde, venho solicitar atendimento sobre Plano Peculio por morte Qualquer Causa,da  participante  MARIA DO CARMO MARIANO.'),(203,'t_pachiega@hotmail.com','Tamiris Pachiega','descalvado','(19) 991153461','DESCALVADO','Bom dia!\r\n\r\nGostaria de um oramento para plano funerrio com a opo de cremao, sendo que a titular seria uma senhora de 58 anos, os demais participantes seriam dois homens de 42 e 29 anos, duas mulheres de 35 e 28 anos e duas crianas com 11 e 05 anos.\r\n\r\nDesde j agradeo.'),(204,'ingridfigueiredo8@gmail.com','Severino Brito Figueiredo','descalvado','(91) 985128906','Belm','Boa tarde ! Gostaria de saber como fao para dar entrada em um seguro que meu falecido pai .... Deixou para mim.'),(205,'jverissimo2010@gmail.com','Jose verissimo da silva filho','descalvado','(11) 988544228','SO PAULO','  valor desconto  folha pagamento  Aspecir contribuio previdncia aberta\r\ndesde 2011  preciso saber  do que se trata  este seguro  se  pessoal ou familiar \r\nse necessito maiores informaes\r\n'),(206,'fernanda.braccaioli@gmail.com','Fernanda Sciarretta','descalvado','(11) 970952201','So Paulo','Gostaria de saber como funciona o plano familiar???'),(207,'paulo.tavarez@cellena.com.br','Paulo Tavares de Souza','descalvado','(11) 940741972','So Paulo','Boa tarde, solicito o cancelamento do meu plano.\r\nEstou usando um plano da Empresa.\r\n\r\nCPF 068152908-32\r\nRG 15481669-3\r\nPaulo Tavares de Souza'),(208,'dmariacreusa@hotmail.com','Maria Creusa dos Santos ','descalvado','(45) 999684282','Toledo PR','Gostaria de saber onde posso aderir me a esse plano, e o valor'),(209,'Jackvictor@bol.com.br','Jaqueline Pereira matos','descalvado','(11) 962452620','So Paulo','Gostaria de saber  informaes '),(210,'Lu.mara.oliveira@hotmail.com','Lucimara oliveira','descalvado','(18) 997868689','Cndido Mota sp','Gostaria de saber quais mdicos atendem nesse plano em Assis sp..e tbn em Cndido Mota sp\r\nMinha me fez o plano  me colocou..no sei como usar'),(211,'Jonathaslsm_@outlook.com','Jonathas Lus da silva maria','descalvado','(19) 993363012','Descalvado','1'),(212,'vardinho986@gmail.com','Osvaldo cesar conti','descalvado','(19) 992120537','Descalvado','Qto ta saindo o exame de toxicolgico'),(213,'larissaofernandes@hotmail.com','Larissa de Oliveira Fernandes Silva','descalvado','(24) 998192540','So Jos dos Campos','Boa tarde, gostaria de saber para onde envio email com currculo.\r\nAguardo resposta, grata.\r\nLarissa'),(214,'janilsonkrz@gmail.com','Janilson Oliveira Cruz','descalvado','(63) 992054529','Araguaina','Boa tarde, \r\nSou servidor pblico da prefeitura de Araguana, entro em contato para solicitar o CANCELAMENTO de uma tarifa da UNIPREV que vem sendo descontado em meu salrio de o ms de agosto/2010. \r\nO valor da tarifa iniciou se em R$ 5,72 chegando hoje a R$ 6,50.\r\nDesde j agradeo.'),(215,'anddysouzza1993@gmail.com','ANDREA ARAUJO DE SOUSA','descalvado','(99) 984728139','Imperatriz','Tem essa clnica em imperatriz? Faz ultra-som para ver se tenho pedra nos rins?'),(216,'nanci.sgt@gmail.com.br','Nanci Segantim Perioto','descalvado','(11) 992217821','Descalvado','Gostaria de aderir ao contrato.\r\nComo devo proceder?!'),(217,'michellytiago@gmail.com','Michely Cristina Rodrigues','portoferreira','(19) 997770310','SAO CARLOS - SP','Oi bom dia gostaria de cancelar meu plano pois no momento estou desempregada e no tenho como pagar.Tenho duas parcelas em atraso para acertar com vocs ok.'),(218,'geraldoaugustopinto@gmail.com','Geraldo Augusto Pinto','descalvado','(41) 992214413','Curitiba, PR','Prezados/as da Uniprev, como vo?\r\n\r\nNa semana retrasada, antes do feriado de Carnaval, me telefonaram para me perguntar o porqu de dois meses do contrato com a Uniprev no ter sido pago.\r\n\r\nComo eu estava dirigindo (minha esposa, Patrcia atendeu ao telefonema e colocou no viva-voz), pedimos para que nos ligassem depois, pois eu no somente tenho pago corretamente aos boletos do carn, como tenho me antecipado (acabo pagando sempre o ms seguinte adiantado, para evitar transtornos de atraso, j que no conseguimos colocar em dbito automtico na prpria CEF).\r\n\r\nGostaria de saber se est tudo certo com os pagamentos e qual foi o motivo da ligao?\r\n\r\nSe possvel, solicito tratar disso por email, pois como sou professor, h horrios em que eu poderei estar em sala de aula e, por isso, ser impossvel atender. No mais, comunicaes por escrito so mais fceis de resolver (inclusive caso eu precise comprovar algo).\r\n\r\nNo aguardo, agradeo pela ateno.\r\n\r\nGeraldo Augusto Pinto (CPF 204.060.558-40).'),(219,'atendimento@listapa.com.br','Welison Ribeiro','atendimento@listapa.com.br','34240163','','Quando pensamos em propaganda as primeiras mdias que lembramos so televiso e rdio. Porm, estes geralmente so canais caros para anunciar e na grande maioria das vezes esto longe do alcance de pequenos negcios, o que leva o empresrio a desistir de uma estratgia de divulgao da sua empresa. Para voc ter uma ideia, um anncio de 30 segundos no intervalo do Jornal Nacional ou da novela das nove da Rede Globo passa dos R$ 700 mil.\r\nNo Listapa alm de voc economizar, sua marca ser grandemente divulgada. \r\nCom um painel fcil de adminstrar, o Listapa facilita seu dia a dia. Em poucos minutos voc configura sua campanha, cadastrar vdeo, banner, local da empresa no mapa do Google, permite comunicao atravs do whatsapp e grficos de estatsticas de visitas.\r\n'),(220,'nubia.borsari@geia.com.br','Nbia Borsari','portoferreira','(11) 36602000','So Paulo','Temos interesse em proposta de parceria (disponibilizar sua rede em nosso carto de desconto sade). '),(221,'grupolistaparedencao@gmail.com','Welison Ribeiro','grupolistaparedencao@gmail.com','34240163','','Quando pensamos em propaganda as primeiras mdias que lembramos so televiso e rdio. Porm, estes geralmente so canais caros para anunciar e na grande maioria das vezes esto longe do alcance de pequenos negcios, o que leva o empresrio a desistir de uma estratgia de divulgao da sua empresa. Para voc ter uma ideia, um anncio de 30 segundos no intervalo do Jornal Nacional ou da novela das nove da Rede Globo passa dos R$ 700 mil.\r\nNo Listapa alm de voc economizar, sua marca ser grandemente divulgada. \r\nCom um painel fcil de adminstrar, o Listapa facilita seu dia a dia. Em poucos minutos voc configura sua campanha, cadastrar vdeo, banner, local da empresa no mapa do Google, permite comunicao atravs do whatsapp e grficos de estatsticas de visitas.\r\nAcesse: www.listapa.com.br\r\n\r\n\r\n\r\n'),(222,'andrelis.vianna@gmail.com','ANDRE FILIPE DE MEIRELES VIANNA','descalvado','(27) 997617469','Vila Velhavila velha','Mandei um curriculum e preciso saber como receberei a resposta se h possibilidade de ter  uma vaga para min.'),(223,'Meireles_rogerio@hotmail.com','Rogrio Meireles','descalvado','(11) 953555632','So Paulo','Desculpe a invaso !! Tenho uma carteira com mais ou menos 75.000 contatos PME, PJ e PF desligados de uma grande empresa do segmento de planos de sade e dental em So Paulo/Rio de Janeiro e outros estados. Muitos desses contatos ainda esto sem cobertura.Teria interesse neste mailing?\r\n\r\n\r\n\r\nSo clientes do grupo Amil PME at 50 vidas, PJ de 50 a 900 vidas e tambm PF So contatos em fase de renovao e reajuste de preos com a informao de que caso haja alterao de valores vo deixar o produto Minha inteno  vender o material.'),(224,'Missiynoelia@gmail.com','Nolia Gonalves De Sousa','portoferreira','(19) 995180961','Porto Ferreira','Preciso de um reparo na minha casa \r\nEstou pagando a dois meses \r\nPreciso de uma pessoa pra arruma meu chuveiro que queimou. \r\nE gostaria de sabe tambm se vcs tem chaveiro pra conserta miolo de porto onde entra chave ! \r\nDesde j grata obrigado '),(225,'Missiynoelia@gmail.com','Nolia Gonalves De Sousa','portoferreira','(19) 995180961','Porto Ferreira','Preciso de um reparo na minha casa \r\nEstou pagando a dois meses \r\nPreciso de uma pessoa pra arruma meu chuveiro que queimou. \r\nE gostaria de sabe tambm se vcs tem chaveiro pra conserta miolo de porto onde entra chave ! \r\nDesde j grata obrigado '),(226,'alenoilton@hotmail.com','alenoilto luiz de faria','descalvado','(62) 994771762','Nova Veneza','Gostaria de saber como fao para solicitar resgate de Peclio em razo do falecimento do segurado/contribuinte.'),(227,'flaviaf_05@hotmail.com','Darcy Silva','descalvado','(19) 997074633','DESCALVADO','BOA NOITE.\r\nPOSSO DECLARAR O PAGAMENTO DESSE PLANO NO IRPF 2019?\r\nOBRIGADA'),(228,'franceia@hotmail.com','Josiane','portoferreira','(35) 991293535','Poos de Caldas','Gostaria de saber quais so os benefcios para moradores de Pirassununga.'),(229,'Meireles_rogerio@hotmail.com','Rogrio Meireles','descalvado','(11) 953555632','So Paulo','Desculpe a invaso !! Tenho uma carteira com mais ou menos 75.000 contatos PME, PJ e PF desligados de uma grande empresa do segmento de planos de sade e dental em So Paulo/Rio de Janeiro e outros estados. Muitos desses contatos ainda esto sem cobertura.Teria interesse neste mailing?\r\n\r\n\r\n\r\nSo clientes do grupo Amil PME at 50 vidas, PJ de 50 a 900 vidas e tambm PF So contatos em fase de renovao e reajuste de preos com a informao de que caso haja alterao de valores vo deixar o produto Minha inteno  vender o material.'),(230,'vii-perlotti@bol.com.br','vitria pereira perlotti','descalvado','(16) 993033922','SAO CARLOS','FAVOR REALIZAR A COTAO DOS SEGUINTES EXAMES :\r\nCOAGULOGRAMA\r\nHEMOGRAMA\r\nGLICEMIA \r\nANTI-HIV\r\nSOROLOGIA PARA HEPATITES B E C\r\nSIFILIS\r\necg-com laudo\r\nATENCIOSAMENTE \r\nVITRIA PERLOTTI\r\n'),(231,'grupolistaparedencao@gmail.com','Welison Ribeiro','grupolistaparedencao@gmail.com','34240163','','Ola, tudo bem esperamos que sim...\r\nSomos do portal www.listapa.com site de lista telefonica e guia comercial com mais de 3 milhes de empresas cadastradas e mais de 600 Mil Acesso ms motivo de nosso contato e para propor uma parceria em nossos Banner onde colocariamos nossas banner em seu site em contra partida abrimos espao para ser colocado no nosso.\r\n\r\nGrato\r\nAvendo interesse nos encaminhe proposta \r\ngrupolistapabrasil@gmail.com\r\n\r\nwww.listapa.com\r\n\r\nWelison Ribeiro\r\n\r\n\r\n\r\n\r\n\r\n\r\n'),(232,'Miranda.mir2014@outlook.com','Francisco de Assis Miranda da Silva ','descalvado','(84) 991919192','Natal-RN','Bom dia, eu pago um valor de RS 5,53,  descontado direto do meu pagamento atraves da papem ( marinha do brasil ), j faz mts anos, qd eu morava no rio, nunca usei pra nada, na verdade nem sei pra que serve, eu gostaria que fosse cancelado esse plano  que vcs enviasse direto a papem, por favor gostaria que me dessem um retorno, muito obrigado, aguardo um contato.'),(233,'elizapereira.ipem@gmail.com','ELIZA CASTELLO','descalvado','(21) 996283081','Rio de Janeiro','Bom dia, minha me  pensionista da Marinha do Brasil e vem descontado no contra-cheque  uma importncia para a UNIPREV (NIP 01712900 - CPF: 729.805.407-49... Gostaria de saber o que ela tem direito, pois ela devido a idade no sabe me dizer. Atenciosamente,'),(234,'Delvanianhos@gmail.com','Delvania da Silva dos anjos','descalvado','(44) 988358233','Maring PR','Bom dia! Gostaria de credenciar ao uniprev\r\nTenho consultrio odontolgico. Espero resposta \r\nObrigada '),(235,'mara.oliva@hotmail.com','Gersimara Oliva','descalvado','(11) 86600543','MAUA','Boa noite!\r\nFiz o plano familiar e ainda no recebi as carteirinhas. Preciso agendar exames.\r\nAguardo contato.\r\nAtenciosamente,\r\nGersimara Oliva.'),(236,'jonasguerreiro200@hotmail.com','Jonas Odacir Guerreiro de Oliveira ','descalvado','(55) 991279365','Santa Maria RS','eu quero saber o nmero do meu contrato do consignado.\r\n'),(237,'joaocemaa@yahoo.com.br','JOO BATISTA DA SILVA','descalvado','(62) 993260891','Anpolis Gois','Por favor me enviemo endereo atualizado de vocs em Goinia com o telefone de contato. Obrigado!'),(238,'luanabertolucci1983@hotmail.com','Luana Bertolucci Gabriel','descalvado','(19) 999969541','Descalvado','Oi boa noite no teria uma vaga de emprego, estgio, frilance, a pra mim. Eu deu baixa no minha carteira da OAB por motivos que no consegui conciliar Franca e Descalvado e agora s estou fazendo peties pra alguns advogado, e ganha muito pouco R$ 15,00 por peties, pra eu voltar ter a minha OAB o processo comea em abril de 2o20, O Sr. No teria qualquer encaixe pra mim.'),(239,'m.lopes@hc.fm.usp.br','Maria das Graas Lopes','descalvado','(11) 962442271','So Paulo','cancelar contrato pois  atende minhas necessidades preciso de oftalmologista e exames de alta custo e a uniprev  cobre  , exames  simples eu fao em qualque lugar . preciso do exame yag laser e a CESMO UNIPREV  COBRE DEPOIS DE TER FEITOS OS EXAMES SIMPLES COM OTIMO DESCONTO O PRINCIPAL ELA  COBRE . , POR FAVOR CANCELE MEU CTTRO.'),(240,'Vil-carlosilva71@hotmail.com','VILSON CARLOS NERES SILVA','descalvado','(21) 997854366','NOVA IGUACU','Vcs ainda fazem crditos consi'),(241,'vil-carlosilva71@hotmail.com','Vilson Carlos neres silva','descalvado','(21) 997854366','NOVA IGUACU','Vcs ainda fazem crditos consignado'),(242,'grupolistaparedencao@gmail.com','Welison Ribeiro','grupolistaparedencao@gmail.com','34240163','','Ola, tudo bem esperamos que sim...\r\nSomos do portal www.listapa.com site de lista telefonica e guia comercial com mais de 3 milhes de empresas cadastradas e mais de 600 Mil Acesso ms motivo de nosso contato e para propor uma parceria em nossos Banner onde colocariamos nossas banner em seu site em contra partida abrimos espao para ser colocado no nosso.\r\n\r\nGrato\r\nAvendo interesse nos encaminhe proposta \r\ngrupolistapabrasil@gmail.com\r\n\r\nwww.listapa.com\r\n\r\nWelison Ribeiro\r\n\r\n\r\n\r\n\r\n\r\n\r\n'),(243,'reginamoraesdepaula@gmail.com','reginamoraesdepaula@gmail.com','descalvado','(11) 996741635','So Paulo','Desejo o cancelamento do plano, moro em SP, tento marcar exames, saber valores de exames e no tenho retorno.Mando msg varias vezes e ninguem responde.Quero cancelar. '),(244,'miranda-meire@bol.com.br','Meire Cristina miranda','descalvado','(19) 996749626','DESCALVADO','Por favor , vcs poderiam enviar os valores dos planos e o que cada um da direito?\r\nComo fao para saber as redes dos credenciados a vcs e os valores dos descontos na consulta em cada especialidade?'),(245,'robertatatiana_147@hotmail.com','Roberta Tatiana Rocha','descalvado','(19) 992155616','DESCALVADO','Boa noite gostaria de saber o valor do exame espermograma! Precisa de pedido do medico? Pois foi minha medica que pediu ao meu marido mais nao por escrito'),(246,'2apoiatti@gmail.com','JOSE ARLINDO POIATTI','descalvado','(11) 999776344','SANTO ANDR ( Segurado cadastrado em DESCALVADO)','BOA TARDE, TENHO EFETUADO OS PAGAMENTOS DAS MENSALIDADES REFERENTES AO PLANO DE ENEDINA SCALESI POIATTI, CPF: 056.547.718-84, MENSALMENTE EM CASAS LOTRICAS E POSSUO TODOS OS COMPROVANTES.  PORM RECENTEMENTE FOI NOTICIADO NA MDIA QUE ALGUNS VALORES NO ESTO SENDO TRANSFERIDOS PARA OS BENEFICIRIOS, DEVIDO A PROBLEMAS DE SISTEMAS DA CEF.  ISSO PREOCUPA!  COMO POSSO SABER SE AS MENSALIDADES ESTO EM DIA,  POSSVEL VERIFICAR ISSO NO SITE DA UNIPREV?  COMO PROCEDER?  OBRIGADO.'),(247,'dinocompositor@gmail.com','MARIO CARLOS SILVA MENDES','descalvado','(21) 971722635','So Gonalo RJ ','Ola, boa tarde, minha me falece e   ela tem um seguro de vida com a UNIPREV seguro de vida gostaria de receber meu direito, como faco?\r\nAguardando resposta.\r\n  '),(248,'costaina303@gmail.com','Otaclio da Silva','descalvado','(21) 991923155','Rio de janeiro','Preciso de uma informao urgente de vcs '),(249,'costaina303@gmail.com','Otaclio da Silva','descalvado','(21) 991923155','Rio de janeiro','Preciso de uma informao urgente de vcs '),(250,'costaina303@gmail.com','Otaclio da Silva','descalvado','(21) 991923155','Rio de janeiro','Preciso de uma informao urgente de vcs '),(251,'patii_csantos@hotmail.com','PATRICIA CRISTINA DOS SANTOS','descalvado','(43) 996819857','Bandeirantes','Boa noite por favor uma informao gostaria de saber se vcs tem algum lugar que faa mamografia e ultrassom transvaginal '),(252,'adm@abcorpus.com.br','Wanderley','descalvado','(11) 29595449','SO PAULO','Bom dia, tudo bem?\r\n\r\n\r\n\r\nVenho por meio desta solicitar analise de minha preposio sobre parceria/credenciamento.\r\n\r\nA clnica esta localizada na Rua: Banco das Palmas 298 - Santana - So Paulo - CEP. 02016-020. \r\n\r\nSegue todo nosso Rol de procedimentos:\r\n\r\n\r\n\r\nAvaliao Clnica e Eletrnica de Paciente Portador de Marca-passo (a partir de 15 anos \r\nBioimpedanciometria (a partir de 10 anos)\r\nCardiologia  Adulto/Infantil (a partir de recm-nascido)\r\nClnica Medica - Clnico Geral (a partir de 13 anos)\r\nDermatologia  Adulto/Infantil (a partir de 01 ano)\r\nEndocrinologia  Adulto/Infantil (a partir de 02 anos)\r\nGeriatria\r\nNeurologia  Adulto/Infantil (a partir de 04 anos)\r\nNutrologia  Adulto/Infantil (a partir de 10 anos)                                      \r\nPneumologia  Adulto/Infantil (a partir de recm-nascido)\r\nPsiquiatria  Adulto/Infantil (a partir de 13 anos)       \r\nDesde j agradeo e me coloco a inteira disposio.\r\nFico no aguardo.\r\nAtt.\r\n '),(253,'adm@abcorpus.com.br','Wanderley','descalvado','(11) 29595449','SO PAULO','Bom dia, tudo bem?\r\n\r\n\r\n\r\nVenho por meio desta solicitar analise de minha preposio sobre parceria/credenciamento.\r\n\r\nA clnica esta localizada na Rua: Banco das Palmas 298 - Santana - So Paulo - CEP. 02016-020. \r\n\r\nSegue todo nosso Rol de procedimentos:\r\n\r\n\r\n\r\nAvaliao Clnica e Eletrnica de Paciente Portador de Marca-passo (a partir de 15 anos \r\nBioimpedanciometria (a partir de 10 anos)\r\nCardiologia  Adulto/Infantil (a partir de recm-nascido)\r\nClnica Medica - Clnico Geral (a partir de 13 anos)\r\nDermatologia  Adulto/Infantil (a partir de 01 ano)\r\nEndocrinologia  Adulto/Infantil (a partir de 02 anos)\r\nGeriatria\r\nNeurologia  Adulto/Infantil (a partir de 04 anos)\r\nNutrologia  Adulto/Infantil (a partir de 10 anos)                                      \r\nPneumologia  Adulto/Infantil (a partir de recm-nascido)\r\nPsiquiatria  Adulto/Infantil (a partir de 13 anos)       \r\nDesde j agradeo e me coloco a inteira disposio.\r\nFico no aguardo.\r\nAtt.\r\n '),(254,'milsobosantos@gmail.com','milso benedito oliveira dos santos','descalvado','(11) 999376688','araraquara','preciso de confirmaao sobre o meu convenio'),(255,'alessanconaval@gmail.com','ALESSANCO BATISTA FERREIRA','descalvado','(21) 974669564','Miguel Pereira','Gostaria de saber a situao do meu plano, a muito tempo contratei e gostaria de saber o que eu contratei e o que eu tenho como vantagens...'),(256,'rob2oli@hotmail.com','ROBISON JOSE FERREIRA DE OLIVEIRA','descalvado','(45) 998385446','CORBELIA','Eu me chamo Robison , tenho 48 anos , gostaria de enviar meu curriculum para pleitear uma vaga de atendente ou na area administrativa da empresa  .'),(257,'Edinaldo-tavares@hotmail.com','Edinaldo machado tavares','descalvado','(91) 984192007','Belm','Solicito cancelar seguro no valor de 7,91 de meu contra-cheque agradeo obg'),(258,'tiagocadeu@bol.com.br','Tiago','descalvado','(19) 991870262','Porto Ferreira ','Gostaria saber lista profissionais conveniados...'),(259,'infantaria.sgt.esrondon@bol.com.br','EDEMILSON SILVA RONDON','descalvado','(53) 981267575','Pelotas','Bom dia.\r\nInformo que apareceu um desconto no meu contracheque de R$ 20,00.\r\nNo  fiz adeso a esta Seguradora.\r\nSolicito excluso.\r\nCPF 581 30489015\r\nGrato.'),(260,'Edinaldo-tavares@hotmail.com','Edinaldo machado tavares','descalvado','(91) 984192007','Belm','Solicito cancelar peclio 7.91 CPF 17536944268'),(261,'juracy.martins@hotmail.com','Juracy','descalvado','(62) 999572667','Anpolis','Gostaria de saber sobre o endereo da uniptev em Anpolis.'),(262,'juracy.martins@hotmail.com','Juracy','descalvado','(62) 999572667','Anpolis','Gostaria de saber sobre o endereo da uniprev em Anpolis.'),(263,'juracy.martins@hotmail.com','Juracy','descalvado','(62) 999572667','Anpolis','Gostaria de saber sobre o endereo da uniprev em Anpolis.'),(264,'suelyvitor@bol.com.br','SUELY DA SILVA ROCHA','descalvado','(92) 991394186','Manaus','Quero deixar de pagar uma previdncia desse empresa.'),(265,'Edinaldo-tavares@hotmail.com','Edinaldo machado tavares','descalvado','(91) 984192007','Belm','Solicito cancelar uniprev 7.91 do meu contra-cheque CPF 17536944268'),(266,'Edinaldo-tavares@hotmail.com','Edinaldo machado tavares','descalvado','(91) 984192007','Belm','Solicito cancelar uniprev 7.91 do meu contra-cheque CPF 17536944268'),(267,'a.paulapalmerim@gmail.com','Ana Paula Palmerim','descalvado','(19) 989188687','Descalvado','Gostaria de informaes e valores dos planos.'),(268,'a.paulapalmerim@gmail.com','Ana Paula Palmerim','descalvado','(19) 989188687','Descalvado','Gostaria de informaes e valores dos planos.'),(269,'a.paulapalmerim@gmail.com','Ana Paula Palmerim','descalvado','(19) 989188687','Descalvado','Gostaria de informaes e valores dos planos.'),(270,'gustavo8431@hotmail.com','Gustavo Lucas da Silva Santos','descalvado','(19) 996885617','porto ferreira','Boa Tarde. \r\nGostaria de saber quais so os oftalmologistas presente no convnio na cidade se Porto Ferreira'),(271,'cassio_gvieira@hotmail.com','Cssio Gomes vieira','descalvado','(19) 997283736','Descalvado','Bom dia,quanto custa pra m exame de fezes,pra saber o tipo de vermes,'),(272,'marinahaleplian@gmail.com','Marina','descalvado','(19) 992699836','Porto Ferreira','Bom dia!\r\nSou psicologa em Porto Ferreira, atuo em consultrio desde 2012, gostaria de credenciar a vocs.\r\nSolicito informaes.'),(273,'marinahaleplian@gmail.com','Marina','descalvado','(19) 992699836','Porto Ferreira','Bom dia!\r\nSou psicologa em Porto Ferreira, atuo em consultrio desde 2012, gostaria de credenciar a vocs.\r\nSolicito informaes.'),(274,'info@grupocybersul.com.br','www.cybersul.com.br','descalvado','40636207','Sao Paulo','Visitei seu site. Tenho um sistema p/seu ramo c/ valores na sua realidade'),(275,'viviane180499@yahoo.com','Viviane','portoferreira','(19) 989679169','Porto Ferreira','Ol, bom dia!\r\nGostaria de saber um email para enviar meu currculo em caso de oportunidade de emprego que se encaixe em meu perfil!\r\nObrigada pela ateno.'),(276,'viviane180499@yahoo.com','Viviane','portoferreira','(19) 989679169','Porto Ferreira','Ol, bom dia!\r\nGostaria de saber um email para enviar meu currculo em caso de oportunidade de emprego que se encaixe em meu perfil!\r\nObrigada pela ateno.'),(277,'viviane180499@yahoo.com','Viviane','portoferreira','(19) 989679169','Porto Ferreira','Ol, bom dia!\r\nGostaria de saber um email para enviar meu currculo em caso de oportunidade de emprego que se encaixe em meu perfil!\r\nObrigada pela ateno.'),(278,'amandaraissaribeiro19@gmail.com','Amanda Raissa moreira','descalvado','(19) 999309739','Descalvado ','Boa tarde gostaria de saber se vcs fazem sexagem fetal e qual seria o valor?'),(279,'monicajamaitz@gmail.com','Mnica Aparecida Jamaitz Bicudo','descalvado','(19) 997467166','Limeira','Boa tarde. Sou advogada e verifiquei que vocs fazem o teste do Covid 19. Gostaria de saber se  extensivo a dependentes, o valor do teste e quanto tempo demora para sair o resultado. No aguardo e obrigada.'),(280,'ofeliaaparecida@gmail.com','Ofelia Aparecida Consoni Mion','descalvado','(19) 971592964','Descalvado - SP','Boa tarde !\r\nPreciso do demonstrativo de pagamentos para realizar a declarao anual do imposto de renda.\r\nFavor enviar por e-mail\r\nMuito obrigada\r\nNome: Ofelia Aparecida Consoni Mion\r\nCPF: 192050198-36\r\nContrato; 021476'),(281,'ofeliaaparecida2@gmail.com','Oflia Aparecida Consoni Mion','descalvado','(19) 971592964','Descalvado - SP','Boa tarde !\r\nPreciso do demonstrativo de pagamentos para realizar a declarao anual do imposto de renda.\r\nFavor enviar por e-mail\r\nMuito obrigada\r\nNome: Ofelia Aparecida Consoni Mion\r\nCPF: 192050198-36\r\nContrato; 021476'),(282,'monica@camisetafeitadepet.com.br','Monica','descalvado','(55) 112386676','So Paulo','Boa Tarde \r\n\r\nMeu nome  Monica Medeiros e sou assistente de negcios da Camiseta Feita de Pet.\r\n\r\nNossa empresa emprega hoje 85 colaboradores (de forma direta e indireta) atuando na produo de camisetas. \r\n\r\nDecidimos  aps indicao de uso dirio de mscaras, produzi-las dentro do padro de excelncia que durante todos esses anos, produzimos as nossas camisetas. \r\n\r\nNosso compromisso  de produzir em srie, dessa forma, podemos ter um preo que achamos justo e comprometido com o social. \r\n\r\nFaa sua cotao e preserve a sade de seu colaborador. \r\n\r\nTemos mscaras lavveis a R$ 1,99 a unidade ( nas compras acima de 100 ) \r\n\r\nTemos mscaras de TNT 40 duplas a R$ 0,90 a unidade ( nas compras acima de 1000) \r\n\r\nMonica Medeiros\r\nAssistente de Negcios\r\nwww.camisetafeitadepet.com.br\r\n011 2386 6762 * watzap\r\nTemporariamente estamos atendendo apenas por watzap\r\n'),(283,'monica@camisetafeitadepet.com.br','Monica ','descalvado','(55) 112386676','So Paulo ','Boa Tarde \r\n\r\nMeu nome  Monica Medeiros e sou assistente de negcios da Camiseta Feita de Pet.\r\n\r\nNossa empresa emprega hoje 85 colaboradores (de forma direta e indireta) atuando na produo de camisetas. \r\n\r\nDecidimos  aps indicao de uso dirio de mscaras, produzi-las dentro do padro de excelncia que durante todos esses anos, produzimos as nossas camisetas. \r\n\r\nNosso compromisso  de produzir em srie, dessa forma, podemos ter um preo que achamos justo e comprometido com o social. \r\n\r\nFaa sua cotao e preserve a sade de seu colaborador. \r\n\r\nTemos mscaras lavveis a R$ 1,99 a unidade ( nas compras acima de 100 ) \r\n\r\nTemos mscaras de TNT 40 duplas a R$ 0,90 a unidade ( nas compras acima de 1000) \r\n\r\nMonica Medeiros\r\nAssistente de Negcios\r\nwww.camisetafeitadepet.com.br\r\n011 2386 6762 * watzap\r\nTemporariamente estamos atendendo apenas por watzap\r\n'),(284,'SYLVANALIMA1702@Gmail.com','Raimunda Silvana da Silva lima','descalvado','(92) 984590763','Tef ','Eu sou contribuete da unipreve h  mais de 10 anos  e no momento estou precisando de um emprestimo. Como fao? Inclusive ja fiz varios ha alguns anos atrs.'),(285,'comendadoriabrasil@braslider-org.org','ASSOC BRASIL LDERES ORG','comendadoriabrasil@braslider-org.org','','','PREZADO RECEMOS SUA INDICAO FOI ACEITA E VOC EST SENDO CONVIDADO AO EXCELNCIA E QUALIDADE BRASIL 2020 , A REALIZAR-SE EM 03  DE NOVEMBRO DE 2020 NO  ESPORTE CLUBE SRIO LIBANES SP - NOMEAO OFICIAL COM TTULO PUBLICADO EM D.O. DIRIO OFICIAL! COMO DESTAQUE PROFISSIONAL DO ANO INCLUINDO A NOMEAO : Titulao de COMENDADOR(A) com uso Vitalcio! emais : comendadoriabrasil@braslider-org.org  e ou  institutobraslider@gmail.com (11) 2538-3416   www.brasillideres.org Acesse o link abaixo TV RECORD: https://www.youtube.com/watch?v=rp5aMhpi3WI https://www.youtube.com/watch?v=JVhIycbiRU4\r\n\r\n '),(286,'pedrinhoctelescpchq@gmail.com','Pedro Ccero Teles ','descalvado','(15) 997953107','Itapetininga','Boa tarde , venho por meio desta informar q no quero + fazer parte do quadro de associados da Previdncia Uniprev por motivos financeiros e, no quero + que seja descontado na minha conta corrente! Desde j antecipo meus agradecimentos! Grato pela compreenso de Vsa!..... Informo ainda que na data de 02/06/2020 j solicitei ao banco a no autorizao do referido desconto em minha c/c .'),(287,'marinahaleplian@gmail.com','Marina Haleplian','descalvado','(19) 992699836','Porto Ferreira','Boa tarde!\r\nSou psicloga, atuo em Porto Ferreira, gostaria de credenciar a vocs, como proceder?\r\nObrigada.'),(288,'meiremiranda1975@gmail.com','Meire Cristina Miranda  ','descalvado','(19) 996749626','Descalvado ','Quais so os planos e seus preos?gostaria de saber mais sobre eles \r\n'),(289,'meiremiranda1975@gmail.com','Meire Cristina Miranda  ','descalvado','(19) 996749626','Descalvado ','Quais so os planos e seus preos?gostaria de saber mais sobre eles \r\n'),(290,'Miranda-Meire@bol.com.br','Meire Cristina Miranda  ','descalvado','(19) 996749626','Descalvado ','Quais so os planos e seus preos?gostaria de saber mais sobre eles \r\n'),(291,'Miranda-Meire@bol.com.br','Meire Cristina Miranda  ','descalvado','(19) 996749626','Descalvado ','Quais so os planos e seus preos?gostaria de saber mais sobre eles \r\n'),(292,'leonardo.ferreira86@yahoo.com','Leonardo Ferreira da Silva','descalvado','(41) 998832291','Curitiba','Ola desejo em contratar um plano para meus pais'),(293,'leonardo.ferreira86@yahoo.com','Leonardo Ferreira da Silva','descalvado','(41) 998832291','Curitiba','Ola desejo em contratar um plano para meus pais'),(294,'leonardo.ferreira86@yahoo.com','Leonardo Ferreira da Silva','descalvado','(41) 998832291','Curitiba','Ola desejo em contratar um plano para meus pais'),(295,'leonardo.ferreira86@yahoo.com','Leonardo Ferreira da Silva','descalvado','(41) 998832291','Curitiba','Ola desejo em contratar um plano para meus pais'),(296,'leonardo.ferreira86@yahoo.com','Leonardo Ferreira da Silva','descalvado','(41) 998832291','Curitiba','Ola desejo em contratar um plano para meus pais'),(297,'leonardo.ferreira86@yahoo.com','Leonardo Ferreira da Silva','descalvado','(41) 998832291','Curitiba','Ola desejo em contratar um plano para meus pais'),(298,'leonardo.ferreira86@yahoo.com','Leonardo Ferreira da Silva','descalvado','(41) 998832291','Curitiba','Ola desejo em contratar um plano para meus pais'),(299,'leonardo.ferreira86@yahoo.com','Leonardo Ferreira da Silva','descalvado','(41) 998832291','Curitiba','Ola desejo em contratar um plano para meus pais'),(300,'leonardo.ferreira86@yahoo.com','Leonardo Ferreira da Silva','descalvado','(41) 998832291','Curitiba','Ola desejo em contratar um plano para meus pais'),(301,'marluciadlima@yahoo.com.br','marlucia de lima  ','descalvado','(11) 962763715','So Paulo','Boa tarde, eu sou conveniada com vocs mas eu preciso cancelar o convenio \r\nestou trabalhando e possuo outro convenio e no posso ficar com os dois o que preciso fazer para cancelar a uniprev saude\r\n'),(302,'marluciadlima@yahoo.com.br','marlucia de lima  ','descalvado','(11) 962763715','So Paulo','Boa tarde, eu sou conveniada com vocs mas eu preciso cancelar o convenio \r\nestou trabalhando e possuo outro convenio e no posso ficar com os dois o que preciso fazer para cancelar a uniprev saude\r\n'),(303,'marluciadlima@yahoo.com.br','marlucia de lima  ','descalvado','(11) 962763715','So Paulo','Boa tarde, eu sou conveniada com vocs mas eu preciso cancelar o convenio \r\nestou trabalhando e possuo outro convenio e no posso ficar com os dois o que preciso fazer para cancelar a uniprev saude\r\n'),(304,'marluciadlima@yahoo.com.br','marlucia de lima  ','descalvado','(11) 962763715','So Paulo','Boa tarde, eu sou conveniada com vocs mas eu preciso cancelar o convenio \r\nestou trabalhando e possuo outro convenio e no posso ficar com os dois o que preciso fazer para cancelar a uniprev saude\r\n'),(305,'marluciadlima@yahoo.com.br','marlucia de lima  ','descalvado','(11) 962763715','So Paulo','Boa tarde, eu sou conveniada com vocs mas eu preciso cancelar o convenio \r\nestou trabalhando e possuo outro convenio e no posso ficar com os dois o que preciso fazer para cancelar a uniprev saude\r\n'),(306,'marluciadlima@yahoo.com.br','marlucia de lima  ','descalvado','(11) 962763715','So Paulo','Boa tarde, eu sou conveniada com vocs mas eu preciso cancelar o convenio \r\nestou trabalhando e possuo outro convenio e no posso ficar com os dois o que preciso fazer para cancelar a uniprev saude\r\n'),(307,'marluciadlima@yahoo.com.br','marlucia de lima','descalvado','(11) 962763715','So Paulo','Boa tarde, sou a Marlucia e eu preciso cancelar o convenio com vocs \r\neu estou com outro convenio e no posso ficar com os dois\r\no que preciso fazer para cancelar \r\n'),(308,'marluciadlima@yahoo.com.br','marlucia de lima','descalvado','(11) 962763715','So Paulo','Boa tarde, sou a Marlucia e eu preciso cancelar o convenio com vocs \r\neu estou com outro convenio e no posso ficar com os dois\r\no que preciso fazer para cancelar \r\n');
/*!40000 ALTER TABLE `contato` ENABLE KEYS */;
UNLOCK TABLES;

--
-- Table structure for table `conteudo`
--

DROP TABLE IF EXISTS `conteudo`;
/*!40101 SET @saved_cs_client     = @@character_set_client */;
/*!40101 SET character_set_client = utf8 */;
CREATE TABLE `conteudo` (
  `id` int(11) NOT NULL AUTO_INCREMENT,
  `titulo` varchar(128) DEFAULT NULL,
  `image_hover` varchar(250) DEFAULT NULL,
  `image_out` varchar(250) DEFAULT NULL,
  `content` longtext DEFAULT NULL,
  `type` varchar(8) DEFAULT 'plan',
  `status` int(1) DEFAULT 1,
  `exclude` int(11) DEFAULT 0,
  PRIMARY KEY (`id`) USING BTREE
) ENGINE=InnoDB AUTO_INCREMENT=161 DEFAULT CHARSET=utf8 AVG_ROW_LENGTH=2048;
/*!40101 SET character_set_client = @saved_cs_client */;

--
-- Dumping data for table `conteudo`
--

LOCK TABLES `conteudo` WRITE;
/*!40000 ALTER TABLE `conteudo` DISABLE KEYS */;
INSERT INTO `conteudo` (`id`, `titulo`, `image_hover`, `image_out`, `content`, `type`, `status`, `exclude`) VALUES (2,'Plano de assistncia familiar','images/13-ativo.png','images/13.png','<div class=\"left\">\r\n<p class=\"tit\"><strong>UNIPREV |</strong> Plano Familiar</p>\r\n<p class=\"text\">A UNIPREV &eacute; especializada em Planos de Assist&ecirc;ncia Familiar, que re&uacute;ne uma s&oacute;lida rede de servi&ccedil;os e oferece todo o cuidado e assist&ecirc;ncia para voc&ecirc; e sua fam&iacute;lia, seja nos menores contratempos do dia-a-dia at&eacute; as mais s&eacute;rias emerg&ecirc;ncias.<br /><br />Com um pequeno valor mensal, voc&ecirc; garante todo o suporte necess&aacute;rio at&eacute; mesmo nas horas mais dif&iacute;ceis, porque al&eacute;m de oferecer uma completa rede de servi&ccedil;os de sa&uacute;de e benef&iacute;cios exclusivos, a UNIPREV tamb&eacute;m disp&otilde;e de servi&ccedil;o funer&aacute;rio de alto padr&atilde;o.</p>\r\n<p class=\"tit\"><strong>Podem ser inclusos</strong></p>\r\n<p class=\"text\">Titular, esposa, filhos, pai, m&atilde;e, sogro, sogra e dependentes limitados a 10 pessoas</p>\r\n<p class=\"tit\"><strong>Benef&iacute;cios</strong></p>\r\n<ul>\r\n<li>Vantagens e descontos na rede de profissionais credenciados Uniprev (cl&iacute;nicas, dentistas, psic&oacute;logos, fonoaudi&oacute;logos, nutricionistas, fisioterapeutas, ...)</li>\r\n<li>Suporte de equipamentos especiais e ambul&acirc;ncia</li>\r\n<li>Uniprev Casa</li>\r\n<li>Atendimento funer&aacute;rio com 4 op&ccedil;&otilde;es de urna e traslado de at&eacute; 200km</li>\r\n</ul>\r\n<a class=\"btn btn-primary\" href=\"/adesao\">Comparar</a></div>\r\n<div class=\"right\"><img style=\"position: relative; max-width: 100%; max-height: 400px;\" src=\"/assets/images/planos/familia.png\" alt=\"\" /></div>','plan',1,0),(3,'Plano Uniprev Mtuo','images/43-ativo.png','images/43.png','<div class=\"left\">\r\n<p class=\"tit\"><strong>UNIPREV |</strong> Plano&nbsp;Uniprev&nbsp;M&uacute;tuo</p>\r\n<p class=\"text\">Com um pequeno valor mensal, voc&ecirc; garante todo o suporte necess&aacute;rio at&eacute; mesmo nas horas mais dif&iacute;ceis, porque al&eacute;m de oferecer uma completa rede de servi&ccedil;os de sa&uacute;de e benef&iacute;cios exclusivos, a UNIPREV tamb&eacute;m disp&otilde;e de servi&ccedil;o funer&aacute;rio de alto padr&atilde;o.</p>\r\n<p class=\"tit\"><strong>Podem ser inclusos</strong></p>\r\n<p class=\"text\">Titular, esposa, filhos, pai, m&atilde;e, sogro, sogra e dependentes limitados a 10 pessoas</p>\r\n<ul>\r\n<li>Atendimento funer&aacute;rio com 1 op&ccedil;&atilde;o de urna,</li>\r\n<li>Traslado de at&eacute; 100km.</li>\r\n</ul>\r\n<a class=\"btn btn-primary\" href=\"/adesao\">Comparar</a></div>\r\n<div class=\"right\"><img style=\"position: relative; max-width: 100%; max-height: 400px; margin: 0px 0px 0px 10px; float: right;\" src=\"/assets/images/planos/familia-1.png\" alt=\"\" /></div>','plan',1,0),(4,'Plano de Cremao','images/23-ativo.png','images/23.png','<div class=\"left\">\r\n<p class=\"tit\"><strong>UNIPREV |</strong> Plano de Crema&ccedil;&atilde;o</p>\r\n<p class=\"text\">A Uniprev e a Funer&aacute;ria Santa Luzia disponibilizam o novo plano de crema&ccedil;&atilde;o, uma homenagem p&oacute;stuma diferenciada, renovada e respeitosa ao ciclo natural da vida.</p>\r\n<p class=\"tit\"><strong>Como funciona?</strong></p>\r\n<p class=\"text\">Por meio de um forno espec&iacute;fico para este fim, o processo de crema&ccedil;&atilde;o acelera a decomposi&ccedil;&atilde;o do corpo transformando-o em cinzas. A crema&ccedil;&atilde;o dura de duas a tr&ecirc;s horas, o processo &eacute; individual, metais e vidros s&atilde;o retirados da urna para n&atilde;o prejudicar o processo, n&atilde;o h&aacute; qualquer tipo de fuma&ccedil;a ou odor.<br /><br />Voc&ecirc; faz a ades&atilde;o ao plano e paga as mensalidades junto com seu plano funer&aacute;rio tradicional. Ap&oacute;s um per&iacute;odo de car&ecirc;ncia inicial, todas as pessoas que est&atilde;o em seu plano tem a cobertura de crema&ccedil;&atilde;o.</p>\r\n</div>\r\n<div class=\"right\"><img style=\"position: relative; max-width: 100%; max-height: 400px;\" src=\"/admin/conteudo/editar/assets/images/planos/dente-de-leao.png\" alt=\"\" /></div>','plan',1,0),(6,'Atendimento Funerrio','images/32-ativo.png','images/32.png','<div class=\"left\">\r\n<p class=\"tit\"><strong>UNIPREV |</strong> Atendimento funer&aacute;rio</p>\r\n<p class=\"text\">Com comprometimento, atendimento pessoal e personalizado, excel&ecirc;ncia em servi&ccedil;os e produtos, respeito aos clientes, colaboradores e fornecedores e sempre tentando proporcionar conforto e dignidade &agrave; fam&iacute;lia enlutada.</p>\r\n<p class=\"tit\"><strong>Principais servi&ccedil;os</strong></p>\r\n<ul class=\"listdetail\">\r\n<li>Tanatopraxia\r\n<ul style=\"list-style: none; padding: 0 10px;\">\r\n<li style=\"font-weight: normal; font-size: 12px;\">Gra&ccedil;as a Tanatopraxia, os servi&ccedil;os funer&aacute;rios passaram a contar com a possibilidade de prolongar o tempo do funeral, dando oportunidade para que familiares distantes tamb&eacute;m possam participar dos atos funerais, ou mesmo para que a fam&iacute;lia possa permanecer mais tempo no vel&oacute;rio. Serve, tamb&eacute;m, para que o corpo possa ser transportado a grandes dist&acirc;ncias para o enterro, bem como para cumprir com as determina&ccedil;&otilde;es legais para o traslado.</li>\r\n</ul>\r\n<br /><br /></li>\r\n<li>Traslado\r\n<ul style=\"list-style: none; padding: 0 10px;\">\r\n<li style=\"font-weight: normal; font-size: 12px;\">A funer&aacute;ria Santa Luzia disp&otilde;e de ve&iacute;culos para a realiza&ccedil;&atilde;o do traslado f&uacute;nebre, podendo atender todo o interior do estado de S&atilde;o Paulo al&eacute;m da capital, tanto pra levar ou buscar o corpo.</li>\r\n</ul>\r\n<br /><br /></li>\r\n<li>Coroas\r\n<ul style=\"list-style: none; padding: 0 10px;\">\r\n<li style=\"font-weight: normal; font-size: 12px;\">A Santa Luzia oferece v&aacute;rias op&ccedil;&otilde;es de coroas f&uacute;nebres para que voc&ecirc; possa realizar as ultimas homenagens. Estamos dispon&iacute;veis 24 horas por dia e podemos entregar a coroa com sua homenagem nas cidades de Descalvado/SP e Porto Ferreira/SP, em todos os vel&oacute;rios.</li>\r\n</ul>\r\n<br /><br /></li>\r\n<li>Crema&ccedil;&atilde;o\r\n<ul style=\"list-style: none; padding: 0 10px;\">\r\n<li style=\"font-weight: normal; font-size: 12px;\">A Uniprev e a Funer&aacute;ria Santa Luzia disponibilizam o novo plano de crema&ccedil;&atilde;o, uma homenagem p&oacute;stuma diferenciada, renovada e respeitosa ao ciclo natural da vida.<br /><br />Por meio de um forno espec&iacute;fico para este fim, o processo de crema&ccedil;&atilde;o acelera a decomposi&ccedil;&atilde;o do corpo transformando-o em cinzas. A crema&ccedil;&atilde;o dura de duas a tr&ecirc;s horas, o processo &eacute; individual, metais e vidros s&atilde;o retirados da urna para n&atilde;o prejudicar o processo, n&atilde;o h&aacute; qualquer tipo de fuma&ccedil;a ou odor.</li>\r\n</ul>\r\n<br /><br /></li>\r\n</ul>\r\n</div>\r\n<div class=\"right\"><img style=\"position: relative; max-width: 100%; max-height: 400px;\" src=\"assets/images/planos/dente-de-leao.png\" alt=\"\" /></div>','service',1,0),(130,'Plano de assistncia familiar','images/13-ativo.png','images/13.png','<div class=\"left\">\r\n<p class=\"tit\"><strong>UNIPREV |</strong> Plano Familiar</p>\r\n<p class=\"text\">A UNIPREV  especializada em Planos de Assistncia Familiar, que rene uma slida rede de servios e oferece todo o cuidado e assistncia para voc e sua famlia, seja nos menores contratempos do dia-a-dia at as mais srias emergncias.<br /><br />Com um pequeno valor mensal, voc garante todo o suporte necessrio at mesmo nas horas mais difceis, porque alm de oferecer uma completa rede de servios de sade e benefcios exclusivos, a UNIPREV tambm dispe de servio funerrio de alto padro.</p>\r\n<p class=\"tit\"><b>Podem ser inclusos</b></p>\r\n<p class=\"text\">Titular, esposa, filhos, pai, me, sogro, sogra.</p>\r\n<p class=\"tit\"><b>Benefcios</b></p>\r\n<p class=\"text\"><ul><li>Vantagens e descontos na rede de profissionais credenciados Uniprev  (mdicos, dentistas, psiclogos, fonoaudilogos, nutricionistas, fisioterapeutas, ...)</li>\r\n<li>Suporte de equipamentos especiais e ambulncia</li><li>Uniprev Casa</li><li>Atendimento funerrio com 4 opes de urna e traslado de at 200km</li></ul></p>\r\n</div>\r\n<div class=\"right\"><img style=\"position: relative; max-width: 100%; max-height: 400px;\" src=\"assets/images/planos/familia.png\" alt=\"\" /></div>','plan',2,1),(140,'Plano mtuo','images/43-ativo.png','images/43.png','<div class=\"left\">\r\n<p class=\"tit\"><strong>UNIPREV |</strong> Plano Mtuo</p>\r\n<p class=\"text\">Com um pequeno valor mensal, voc&ecirc; garante todo o suporte necess&aacute;rio at&eacute; mesmo nas horas mais dif&iacute;ceis, porque al&eacute;m de oferecer uma completa rede de servi&ccedil;os de sa&uacute;de e benef&iacute;cios exclusivos, a UNIPREV tamb&eacute;m disp&otilde;e de servi&ccedil;o funer&aacute;rio de alto padr&atilde;o.</p>\r\n<p class=\"tit\"><b>Podem ser inclusos</b></p>\r\n<p class=\"text\">Titular, esposa, filhos, pai, me, sogro, sogra e 5 dependentes.</p>\r\n<p class=\"tit\"><strong>BENEF&Iacute;CIOS</strong></p>\r\n<ul>\r\n<li>Atendimento funerrio com 1 opo de urna e traslado de at 50km.</li>\r\n<li>Suporte de equipamentos especiais e ambulncia.</li>\r\n</ul>\r\n</div>\r\n<div class=\"right\"><img style=\"position: relative; max-width: 100%; max-height: 400px;\" src=\"assets/images/planos/familia-1.png\" alt=\"\" /></div>','plan',2,1),(150,'Plano de cremao','images/23-ativo.png','images/23.png','<div class=\"left\">\r\n<p class=\"tit\"><strong>UNIPREV |</strong> Plano de cremao</p>\r\n<p class=\"text\">A Uniprev e a Funerria Santa Luzia disponibilizam o novo plano de cremao, uma homenagem pstuma diferenciada, renovada e respeitosa ao ciclo natural da vida.</p>\r\n<p class=\"tit\"><b>Como funciona?</b></p>\r\n<p class=\"text\">Por meio de um forno especfico para este fim, o processo de cremao acelera a decomposio do corpo transformando-o em cinzas. A cremao dura de duas a trs horas, o processo  individual, metais e vidros so retirados da urna para no prejudicar o processo, no h qualquer tipo de fumaa ou odor.<br /><br />Voc faz a adeso ao plano e paga as mensalidades junto com seu plano funerrio tradicional. Aps um perodo de carncia inicial, todas as pessoas que esto em seu plano tem a cobertura de cremao.</p>\r\n</div>\r\n<div class=\"right\"><img style=\"position: relative; max-width: 100%; max-height: 400px;\" src=\"assets/images/planos/dente-de-leao.png\" alt=\"\" /></div>','plan',2,1),(160,'Atendimento Funerrio','images/32-ativo.png','images/32.png','<div class=\"left\">\r\n<p class=\"tit\"><strong>UNIPREV |</strong> Atendimento funerrio</p>\r\n<p class=\"text\">Com comprometimento, atendimento pessoal e personalizado, excelncia em servios e produtos, respeito clientes, colaboradores e fornecedores e sempre tentando proporcionar conforto e dignidade  famlia enlutada.</p>\r\n<p class=\"tit\"><b>Principais servios</b></p>\r\n<ul class=\"listdetail\">\r\n<li><i class=\"fa fa-scissors\" aria-hidden=\"true\"></i> Tanatopraxia\r\n  <ul style=\"\r\n    list-style: none;\r\n    padding: 0 10px;\r\n\"><li style=\"\r\n    font-weight: normal;\r\n    font-size: 12px;\r\n\">Graas a Tanatopraxia, os servios funerrios passaram a contar com a possibilidade de prolongar o tempo do funeral, dando oportunidade para que familiares distantes tambm possam participar dos atos funerais, ou mesmo para que a famlia possa permanecer mais tempo no velrio. Serve, tambm, para que o corpo possa ser transportado a grandes distncias para o enterro, bem como para cumprir com as determinaes legais para o traslado.</li></ul><br /><br /></li>\r\n<li><i class=\"fa fa-car\" aria-hidden=\"true\"></i> Traslado<ul style=\"\r\n    list-style: none;\r\n    padding: 0 10px;\r\n\"><li style=\"\r\n    font-weight: normal;\r\n    font-size: 12px;\r\n\">A funerria Santa Luzia dispe de veculos para a realizao do traslado fnebre, podendo atender todo o interior do estado de So Paulo alm da capital, tanto pra levar ou buscar o corpo.</li></ul><br /><br /></li>\r\n\r\n<li><i class=\"fa fa-pagelines\" aria-hidden=\"true\"></i> Coroas<ul style=\"\r\n    list-style: none;\r\n    padding: 0 10px;\r\n\"><li style=\"\r\n    font-weight: normal;\r\n    font-size: 12px;\r\n\">A Santa Luzia oferece vrias opes de coroas fnebres para que voc possa realizar as ultimas homenagens. Estamos disponveis 24 horas por dia e podemos entregar a coroa com sua homenagem nas cidades de Descalvado/SP e Porto Ferreira/SP, em todos os velrios.</li></ul><br /><br /></li>\r\n\r\n<li><i class=\"fa fa-archive\" aria-hidden=\"true\"></i> Cremao<ul style=\"\r\n    list-style: none;\r\n    padding: 0 10px;\r\n\"><li style=\"\r\n    font-weight: normal;\r\n    font-size: 12px;\r\n\">A Uniprev e a Funerria Santa Luzia disponibilizam o novo plano de cremao, uma homenagem pstuma diferenciada, renovada e respeitosa ao ciclo natural da vida.<br /><br />Por meio de um forno especfico para este fim, o processo de cremao acelera a decomposio do corpo transformando-o em cinzas. A cremao dura de duas a trs horas, o processo  individual, metais e vidros so retirados da urna para no prejudicar o processo, no h qualquer tipo de fumaa ou odor.</li></ul><br /><br /></li>\r\n\r\n</ul>\r\n</div>\r\n<div class=\"right\"><img style=\"position: relative; max-width: 100%; max-height: 400px;\" src=\"assets/images/planos/dente-de-leao.png\" alt=\"\" /></div>','service',2,1);
/*!40000 ALTER TABLE `conteudo` ENABLE KEYS */;
UNLOCK TABLES;

--
-- Table structure for table `ficha_adesao`
--

DROP TABLE IF EXISTS `ficha_adesao`;
/*!40101 SET @saved_cs_client     = @@character_set_client */;
/*!40101 SET character_set_client = utf8 */;
CREATE TABLE `ficha_adesao` (
  `id` int(11) NOT NULL AUTO_INCREMENT,
  `nome_titular` varchar(150) DEFAULT NULL,
  `data_nascimento_titular` varchar(10) DEFAULT NULL,
  `cpf_titular` varchar(14) DEFAULT NULL,
  `rg_titular` varchar(15) DEFAULT NULL,
  `local_nascimento` varchar(30) DEFAULT NULL,
  `uf_nascimento` varchar(2) DEFAULT NULL,
  `sexo` varchar(10) DEFAULT NULL,
  `estado_civil` varchar(15) DEFAULT NULL,
  `profissao` varchar(80) DEFAULT NULL,
  `cep` varchar(9) DEFAULT NULL,
  `endereco` varchar(200) DEFAULT NULL,
  `numero` varchar(5) DEFAULT '0',
  `bairro` varchar(50) DEFAULT NULL,
  `cidade` varchar(30) DEFAULT NULL,
  `uf` varchar(2) DEFAULT NULL,
  `tel1` varchar(15) DEFAULT NULL,
  `tel2` varchar(15) DEFAULT NULL,
  `tel_comercial` varchar(15) DEFAULT NULL,
  `cel1` varchar(15) DEFAULT NULL,
  `cel2` varchar(15) DEFAULT NULL,
  `email` varchar(50) DEFAULT NULL,
  `status` varchar(5) DEFAULT NULL,
  `ativo` int(11) DEFAULT 0,
  `data_cadastro` datetime DEFAULT NULL,
  `plano` varchar(20) DEFAULT 'basico',
  `valor` decimal(5,2) DEFAULT NULL,
  `adesao` decimal(5,2) DEFAULT NULL,
  `status_pagamento` int(1) DEFAULT 0,
  `code` varchar(128) DEFAULT NULL,
  PRIMARY KEY (`id`)
) ENGINE=InnoDB AUTO_INCREMENT=89 DEFAULT CHARSET=utf8;
/*!40101 SET character_set_client = @saved_cs_client */;

--
-- Dumping data for table `ficha_adesao`
--

LOCK TABLES `ficha_adesao` WRITE;
/*!40000 ALTER TABLE `ficha_adesao` DISABLE KEYS */;
INSERT INTO `ficha_adesao` (`id`, `nome_titular`, `data_nascimento_titular`, `cpf_titular`, `rg_titular`, `local_nascimento`, `uf_nascimento`, `sexo`, `estado_civil`, `profissao`, `cep`, `endereco`, `numero`, `bairro`, `cidade`, `uf`, `tel1`, `tel2`, `tel_comercial`, `cel1`, `cel2`, `email`, `status`, `ativo`, `data_cadastro`, `plano`, `valor`, `adesao`, `status_pagamento`, `code`) VALUES (23,'Fernanda Rissi Moura','1997-06-27','415.211.232-54','12.453.415-1','Araras','SP','feminino','solteiro','recepao','13690-000','Rua Anacleto Pozzi','113','Jardim Colonial','Descalvado','SP','(19) 6262-4115','','','','','fernandarissi16@gmail.com','1',1,'2017-02-21 10:54:23','familiar',47.70,50.00,0,NULL),(24,'Rodrigo cuenca','1977-05-04','276.690.878-11','27.196.053-x','Descalvado','SP','masculino','casado','Gerente administrativo financeiro','13690-000','R. Dr. Antnio Luiz Fabiano','278','Jd. Colonial','Descalvado','SP','(19) 3583-6531','','(19) 3583-2404','(19) 99183-5021','','rodrigo.cuenca@hotmail.com','1',1,'2017-02-22 08:24:17','familiar',47.70,50.00,7,'D594F3D3-E6F1-48AE-BE9E-9187FF31C441'),(25,'Pedrina Donizete Barbosa','1978-05-14','192.031.978-69','29.474.211-6','Porto Ferreira','SP','feminino','casado','Coordenadora de Atendimento','13660-000','R.Pe. Faustino Setargine','304','Jd. Annibal','Porto Ferreira','SP','(19) 3585-5287','','(19) 3581-3031','(19) 99698-8704','','dina_prado@hotmail.com','1',1,'2017-02-22 08:46:02','familiar',47.70,50.00,7,NULL),(29,'Rodrigo Cuenca','1977-05-04','276.690.878-11','27.196.053-x','DESCALVADO','SP','masculino','casado','Gerente Administrativo','13690-000','R.24 DE OUTUBRO','400','CENTRO','Descalvado','SP','(19) 3583-2404','','','(19) 99183-5021','','rodrigo.cuenca@hotmail.com','1',1,'2017-02-23 12:35:59','familiar',47.70,50.00,7,NULL),(30,'ROSI','2015-12-15','213.213.131-31','21.313.131-3','RUY BARBOSA','BA','feminino','casado','rece','13690-00_','errrr','400','cebntro','Descalvado','SP','(19) 3583-2404','','','','','rosivania24@hotmail.com','1',1,'2017-02-24 05:39:25','familiar',47.70,50.00,0,NULL),(31,'RAFAEL carlos','1989-03-16','384.767.378-58','45.691.601-5','PIRASSUNUNGA','SP','masculino','solteiro','ASSSIST ADM','13690-000','R.24 DE OUTUBRO','400','CENTRO','Descalvado','SP','(19) 3583-2404','','','(19) 99749-4823','','rafaeluniprev@hotmail.com','1',1,'2017-02-24 05:48:56','familiar',47.70,50.00,7,'CF89F421-5C28-4A1F-A64A-C5E56483D9B8'),(32,'salete','1958-05-11','165.015.498-41','_9.743.087-0','Descalvado','SP','masculino','divorciado','empresaria','13690-000','odair ferraz','121','centro','Descalvado','SP','(19) 3583-8910','','','','','saleteuniprev@hotmail.com','1',1,'2017-02-24 07:57:56','familiar',47.70,50.00,0,NULL),(34,'Ana lucia pereira da silva','1977-09-03','175.593.038-03','29.474.239-6','Porto ferreira','SP','feminino','casado','Secretaria','13660-000','rua antonio amaru','75','lagoa serena','Porto Ferreira','SP','(19) 9963-9791','','(19) 3581-1388','','','anabahsilva@gmail.com','1',1,'2017-05-08 07:46:01','familiar',47.70,100.00,0,NULL),(35,'MAURO ROBERTO LIVIO DE buone','1969-11-05','110.320.438-65','12.513.636-5','SO PAULO','SP','masculino','casado','Mdico','13670-000','Rua ANTNIO zorzi','365','Jardim Itlia','Santa Rita do Passa Quatro','SP','(19) 3582-2172','','','(19) 99767-2237','(19) 99798-3910','maurobuone@uol.com.br','1',1,'2017-06-22 12:02:00','familiar',47.70,100.00,0,NULL),(36,'helena aparecida do nascimento','13/03/1958','004.948.668-37','10.752.486-2','dracema','SP','feminino','solteiro','auxiliar de limpeza','13690-000','rua cel manoel leme','174','centro','Descalvado','SP','(19) 3583-4476','','','','','diagnosticos@uniprev.com.br','1',1,'2017-07-03 14:57:31','familiar',47.70,100.00,0,NULL),(41,'helena ap nascimento lima','1958-03-13','004.948.668-37','10.762.486-2','DRACENA','SP','feminino','casado','AUX SER GERAIS','13690-000','RUA CEL MANOEL LEME','174','CENTRO','Descalvado','SP','(19) 3583-2404','(19) 3583-2404','(19) 3583-2404','','','diagnosticos@uniprev.com.br','1',1,'2017-07-05 04:36:27','familiar',50.70,50.00,3,'FB8AC103-35DF-4F86-811A-B6150F0510D3'),(44,'lucia ferreira da silva','1962-06-23','055.403.478-62','17.268.860-7','so paulo','SP','feminino','casado','do lar','13690-000','rua JOO VENDRAMINI','76','JD COLONIAL','Descalvado','SP','(19) 3583-6431','(13) 9818-4451','','','','LUCYMARY43@GMAIL.COM','1',1,'2017-10-04 12:24:39','familiar',50.70,50.00,1,'4E36C9CD-7D5E-470D-AA5B-EFECA389497F'),(45,'Renata gomes lopes','1972-03-15','192.035.258-90','20.908.946-5','descalvado','SP','feminino','casado','do lar','13690-000','rua oscar ferreira de carvalho','609','ipe 2','Descalvado','SP','(19) 3583-3084','','','','','renata_glopes72@hotmail.com','1',1,'2017-10-09 06:11:31','familiar',50.70,50.00,3,'60A09427-E7B8-4140-9929-666506332502'),(46,'nilton roberto castiglioni','1988-07-25','370.757.668-05','42.818.133-8','descalvado','SP','masculino','amasiado','AUTNOMO','13690-000','rua humberto carlos casati','160f','centro','Descalvado','SP','(19) 3583-3151','','','(19) 99261-0934','','ssland3r@gmail.com','1',1,'2018-05-17 15:21:59','familiar',50.70,50.00,0,NULL),(47,'nilton roberto castiglioni','1988-07-25','370.757.668-05','42.818.133-8','descalvado','SP','masculino','amasiado','AUTNOMO','13690-000','rua humberto carlos casati','160f','centro','Descalvado','SP','(19) 3583-3151','','','(19) 99261-0934','','ssland3r@gmail.com','1',1,'2018-05-17 15:22:16','familiar',50.70,50.00,0,NULL),(48,'marco sebastio ferrassini','1972-03-01','154.792.128-50','22.460.148-_','descalvado','SP','masculino','casado','programador / secretrio escola','13690-000','rua paula carvalho','106','centro','Descalvado','SP','(19) 3583-8881','','(19) 3583-2591','(19) 99289-2730','','marcoferrassini@yahoo.com.br','1',1,'2018-07-03 09:42:27','familiar',52.70,50.00,0,NULL),(49,'marco sebastio ferrassini','1972-03-01','154.792.128-50','22.460.148-_','descalvado','SP','masculino','casado','programador / secretrio escola','13690-000','rua paula carvalho','106','centro','Descalvado','SP','(19) 3583-8881','','(19) 3583-2591','(19) 99289-2730','','marcoferrassini@yahoo.com.br','1',1,'2018-07-03 09:43:01','familiar',52.70,50.00,0,NULL),(50,'marco sebastio ferrassini','1972-03-01','154.792.128-50','22.460.148-_','descalvado','SP','masculino','casado','programador / secretrio escola','13690-000','rua paula carvalho','106','centro','Descalvado','SP','(19) 3583-8881','','(19) 3583-2591','(19) 99289-2730','','marcoferrassini@yahoo.com.br','1',1,'2018-07-03 09:44:07','familiar',52.70,50.00,0,NULL),(51,'marco sebastio ferrassini','1972-03-01','154.792.128-50','22.460.148-_','descalvado','SP','masculino','casado','programador / secretrio escola','13690-000','rua paula carvalho','106','centro','Descalvado','SP','(19) 3583-8881','','(19) 3583-2591','(19) 99289-2730','','marcoferrassini@yahoo.com.br','1',1,'2018-07-03 09:47:03','familiar',52.70,50.00,0,NULL),(52,'rodrigo cuenca','1977-05-04','276.690.878-11','27.196.053-x','DESCALVADO','SP','masculino','casado','gerente administrativo','13690-000','r.dr. antonio luis fabiano','278','JD COLONIAL','Descalvado','SP','(19) 3583-6531','','','','','rodrigo.cuenca@hotmail.com','1',1,'2018-07-03 09:50:50','familiar',52.70,50.00,0,NULL),(53,'marco sebastio ferrassini','1972-03-01','154.792.128-50','22.460.148-_','descalvado','SP','masculino','casado','programador / secretrio escola','13690-000','rua paula carvalho','106','centro','Descalvado','SP','(19) 3583-8881','','(19) 3583-2591','(19) 99289-2730','','marcoferrassini@yahoo.com.br','1',1,'2018-07-03 09:51:00','familiar',52.70,50.00,0,NULL),(54,'teste','1979-08-30','257.332.018-94','27.372.066-1','porto ferreira','SP','masculino','solteiro','vendedor','13660-000','teste','12','progresso','Descalvado','SP','(19) 3585-2500','','','','','sergio@divpropaganda.com.br','1',1,'2018-07-03 09:55:43','familiar',52.70,50.00,0,NULL),(55,'teste','1977-05-04','276.690.878-11','27.196.053-x','DESCALVADO','SP','masculino','casado','gerente administrativo','13690-000','r.dr. antonio luis fabiano','278','JD COLONIAL','Descalvado','SP','(19) 3583-6531','','','','','rodrigo.cuenca@hotmail.com','1',1,'2018-07-03 09:55:43','familiar',52.70,50.00,0,NULL),(56,'teste','1979-08-30','257.332.018-94','27.372.066-1','porto ferreira','SP','masculino','solteiro','vendedor','13660-000','teste','12','progresso','Descalvado','SP','(19) 3585-2500','','','','','sergio@divpropaganda.com.br','1',1,'2018-07-03 11:31:18','familiar',52.70,50.00,0,NULL),(57,'marco sebastio ferrassini','1972-03-01','154.792.128-50','22.460.148-_','descalvado','SP','masculino','casado','programador / secretrio escola','13690-000','rua paula carvalho','106','centro','Descalvado','SP','(19) 3583-8881','','(19) 3583-2591','(19) 99289-2730','','marcoferrassini@yahoo.com.br','1',1,'2018-07-03 13:00:24','familiar',52.70,50.00,0,NULL),(58,'Rodrigo Cuenca','1977-05-04','276.690.878-11','27.196.053-x','DESCALVADO','SP','masculino','casado','gerente administrativo','13690-000','r.dr. antonio luis fabiano','278','JD COLONIAL','Descalvado','SP','(19) 3583-6531','','','','','rodrigo.cuenca@hotmail.com','1',1,'2018-07-03 14:54:34','familiar',52.70,50.00,0,NULL),(59,'Rodrigo Cuenca','1977-05-04','276.690.878-11','27.196.053-x','DESCALVADO','SP','masculino','solteiro','gerente administrativo','13690-000','R.24 DE OUTUBRO','400','CENTRO','Descalvado','SP','(19) 3583-6531','','','','','rodrigo.cuenca@hotmail.com','1',1,'2018-07-06 07:26:13','familiar',52.70,50.00,0,NULL),(60,'Rodrigo Cuenca','1977-05-04','276.690.878-11','27.196.053-x','DESCALVADO','SP','masculino','casado','gerente administrativo','13690-000','r.dr. antonio luis fabiano','278','JD COLONIAL','Descalvado','SP','(19) 3583-6531','','','','','rodrigo.cuenca@hotmail.com','1',1,'2018-07-12 05:56:11','familiar',52.70,50.00,0,NULL),(61,'Srgio','1989-08-14','361.583.868-80','44.621.746-3','Porto Ferreira','SP','masculino','solteiro','publicitario','13660-000','Rua 1, 335','335','Sta Luzia','Porto Ferreira','SP','(19) 9936-6522','','','','','sergio@divpropaganda.com.br','1',1,'2018-07-16 11:45:37','familiar',47.70,50.00,0,NULL),(62,'Rodrigo Cuenca','1977-05-04','276.690.878-11','27.196.053-x','DESCALVADO','SP','masculino','viuvo','gerente administrativo','13690-000','R.24 DE OUTUBRO','400','CENTRO','Descalvado','SP','(19) 3583-2404','','','','','rodrigo.cuenca@hotmail.com','1',1,'2018-07-17 14:02:42','familiar',52.70,50.00,0,NULL),(63,'rodrigo cuenca','1977-05-04','276.690.878-11','27.196.053-x','descalvado','SP','masculino','solteiro','gerente administrativo','13690-000','r.dr. antonio luis fabiano','278','jd. belem','Descalvado','SP','(19) 3583-6531','','','','','rodrigo.cuenca@hotmail.com','1',1,'2018-07-18 08:45:55','familiar',52.70,50.00,0,NULL),(64,'rodrigo cuenca','1977-05-04','276.690.878-11','27.196.053-x','descalvado','SP','masculino','solteiro','gerente administrativo','13690-000','r.dr. antonio luis fabiano','278','jd. colonial','Descalvado','SP','(19) 3583-6531','','','','','rodrigo.cuenca@hotmail.com','1',1,'2018-07-20 09:00:30','familiar',52.70,50.00,0,NULL),(65,'Rodrigo Cuenca','1974-05-04','276.690.878-11','27.196.053-x','DESCALVADO','SP','masculino','casado','gerente administrativo','13690-000','R.24 DE OUTUBRO','400','jd. colonial','Descalvado','SP','(19) 3583-6531','','','','','rodrigo.cuenca@hotmail.com','1',1,'2018-07-24 08:58:28','familiar',52.70,50.00,0,NULL),(66,'Srgio','1989-08-14','361.583.868-80','44.624.746-3','Porto Ferreira','SP','masculino','casado','publicitario','13660-000','Rua 1, 335','335','Sta Luzia','Porto Ferreira','SP','(19) 9292-9292','','','','','sergio@divpropaganda.com.br','1',1,'2018-07-24 09:01:23','basico',30.00,50.00,0,NULL),(67,'Rafael Leonardo Marichi','1988-09-01','362.022.798-50','41.659.898-5','Porto Ferreira','SP','masculino','solteiro','Web','13660-000','Av Vicente Zini','475','Vila Nova','Porto Ferreira','SP','(19) 4124-0081','','','','','rafaelmarrichi@gmail.com','1',1,'2018-07-24 13:15:02','basico',30.00,50.00,0,NULL),(68,'rodrigo cuenca','1977-05-04','276.690.878-11','27.196.053-x','descalvado','SP','masculino','solteiro','gerente administrativo','13690-000','r.dr. antonio luis fabiano','278','jd. belem','Descalvado','SP','(19) 3583-6531','','','','','rodrigo.cuenca@hotmail.com','1',1,'2018-07-24 13:36:22','familiar',52.70,50.00,0,NULL),(69,'Rafael Leonardo Marichi','1988-09-01','362.022.798-50','41.659.898-5','Porto Ferreira','SP','masculino','solteiro','Web','13660-000','Av Vicente Zini','475','Vila Nova','Porto Ferreira','SP','(19) 4121-0081','','','','','rafaelmarrichi@gmail.com','1',1,'2018-07-24 15:18:49','familiar',52.70,50.00,0,NULL),(70,'Rafael Leonardo Marichi','1988-09-01','362.022.798-50','41.659.898-5','Porto Ferreira','SP','masculino','solteiro','web','13660-000','Av Vicente Zini','475','Vila Nova','Porto Ferreira','SP','(19) 4121-0081','','','','','rafaelmarrichi@gmail.com','1',1,'2018-07-24 15:21:05','basico',30.00,50.00,0,NULL),(71,'Srgio','1989-08-14','361.583.868-80','44.624.746-3','Porto Ferreira','SP','masculino','casado','publicitario','13660-000','Rua 1, 335','335','Sta Luzia','Porto Ferreira','SP','(19) 9292-9292','','','','','sergio@divpropaganda.com.br','1',1,'2018-07-24 15:47:38','basico',30.00,50.00,0,NULL),(72,'Rodrigo Cuenca','1977-05-04','276.690.878-11','27.196.053-x','DESCALVADO','SP','masculino','solteiro','gerente administrativo','13690-000','r.dr. antonio luis fabiano','278','JD COLONIAL','Descalvado','SP','(19) 3583-6531','','','','','rodrigo.cuenca@hotmail.com','1',1,'2018-07-26 06:38:52','familiar',47.70,50.00,0,NULL),(73,'Leandro bezerra','1979-03-06','286.541.228-89','30.161.900-0','porto ferreira','SP','masculino','amasiado','motorista carreteiro','13660-000','rua valentim fratini','255','vila real','Porto Ferreira','SP','(19) 3581-3504','','(19) 3589-1163','(19) 99696-4204','(19) 99739-7326','taisabosso@hotmail.com','1',1,'2018-08-29 05:33:25','familiar',52.70,50.00,7,'38AA9982-6E54-44E1-B763-2B2088B41A10'),(74,'Leandro Bezerra','1979-03-06','286.541.228-89','03.015.190-0','Porto ferreira','SP','masculino','solteiro','motorista','13660-000','rua valentim fratini','255','vila real','Porto Ferreira','SP','(19) 3581-3504','','(19) 3589-1163','(19) 99696-4204','(19) 99739-7326','taisabosso@hotmail.com','1',1,'2018-09-04 14:46:29','familiar',52.70,50.00,3,NULL),(75,'Rodrigo Cuenca','1977-05-04','276.690.878-11','27.196.053-x','DESCALVADO','SP','masculino','casado','gerente administrativo','13690-000','r.dr. antonio luis fabiano','278','JD COLONIAL','Descalvado','SP','(19) 3583-4129','','','','','rodrigo.cuenca@hotmail.com','1',1,'2018-09-14 14:00:16','familiar',52.70,50.00,7,NULL),(76,'REGIANE FELISMINA MOREIRA','1987-02-24','375.670.488-25','40.694.673-5','PORTO FERREIRA','SP','feminino','amasiado','ASSISTENTE ADMINISTRATIVO','13667-174','RUA VALENTIM FRATINI','231','JARDIM VILA REAL','Porto Ferreira','SP','(19) 3581-5511','(19) 9522-4051','(19) 3581-2923','','','regiane.rfm@hotmail.com','1',1,'2019-01-27 13:49:56','familiar',52.70,50.00,3,'F95BB84F-1CBD-4A44-A8C5-6D338CEA0355'),(77,'rodrigo cuenca','1977-05-04','276.690.878-11','27.196.053-x','descalvado','SP','masculino','solteiro','gerente administrativo','13690-000','rua 24 de','1','centro','Descalvado','SP','(19) 3583-2404','','','','','rodrigo.cuenca@hotmail.com','1',1,'2019-07-04 08:27:20','familiar',52.70,50.00,0,NULL),(78,'Lucas gustavo de souza sabatino','1999-09-16','123.456.789-99','12.345.678-9','Jau','SP','masculino','solteiro','programador','17123-456','rua tal','132','Teste123','Porto Ferreira','SP','(16) 1919-9999','','','','','lucas.sabatino@arkus.com.br','1',1,'2020-04-01 16:59:53','familiar',52.70,50.00,0,NULL),(79,'Lucas','1999-09-16','123.456.789-12','12.345.678-9','JAU','SP','masculino','solteiro','Desenvolvedor web','01152-010','Av. Paulista','123','Centro','Descalvado','SP','(16) 1919-9999','','','','','lucas.sabatino@arkus.com.br','1',1,'2020-04-01 17:10:01','basico',30.00,50.00,0,NULL),(80,'Teste','1999-09-16','123.123.123-12','12.312.312-3','Jau','SP','masculino','solteiro','Desenvolvedor web','01152-010','Av. Paulista','123','Centro','Descalvado','SP','(12) 3456-7891','','','','','lucas.sabatino@arkus.com.br','1',1,'2020-04-01 17:23:29','basico',30.00,50.00,0,NULL),(81,'Teste','1999-09-16','123.123.123-12','12.312.312-3','Jau','SP','masculino','solteiro','Desenvolvedor web','01152-010','Av. Paulista','123','Centro','Descalvado','SP','(12) 3456-7891','','','','','lucas.sabatino@arkus.com.br','1',1,'2020-04-01 17:24:47','basico',30.00,50.00,0,NULL),(82,'Lucas gustavo de souza sabatino','1999-12-16','123.456.789-12','12.345.678-9','JAU','SP','masculino','solteiro','programador','12345-678','123456789','123','rua tal','Pirassununga','SP','(12) 3123-1231','','','','','123@123.com.br','1',1,'2020-04-03 18:06:20','basico',30.00,50.00,0,NULL),(83,'Lucas gustavo de souza sabatino','1999-12-16','123.456.789-12','12.345.678-9','JAU','SP','masculino','solteiro','programador','12345-678','123456789','123','rua tal','Pirassununga','SP','(12) 3123-1231','','','','','123@123.com.br','1',1,'2020-04-03 18:22:24','basico',30.00,50.00,0,NULL),(84,'Lucas gustavo de souza sabatino','1999-12-16','123.456.789-12','12.345.678-9','JAU','SP','masculino','solteiro','programador','12345-678','123456789','123','rua tal','Pirassununga','SP','(12) 3123-1231','','','','','123@123.com.br','1',1,'2020-04-03 18:22:38','basico',30.00,50.00,0,NULL),(85,'Lucas gustavo de souza sabatino','1999-12-16','123.456.789-12','12.345.678-9','JAU','SP','masculino','solteiro','programador','12345-678','123456789','123','rua tal','Pirassununga','SP','(12) 3123-1231','','','','','123@123.com.br','1',1,'2020-04-03 18:22:47','basico',30.00,50.00,0,NULL),(86,'Lucas gustavo de souza sabatino','1999-12-16','123.456.789-12','12.345.678-9','JAU','SP','masculino','solteiro','programador','12345-678','123456789','123','rua tal','Pirassununga','SP','(12) 3123-1231','','','','','123@123.com.br','1',1,'2020-04-03 18:22:56','basico',30.00,50.00,0,NULL),(87,'Lucas gustavo de souza sabatino','1999-03-12','123.456.455-65','12.345.678-9','JAU','SP','masculino','solteiro','programador','12345-678','rua tal','456','rua tal','Santa Cruz das Palmeiras','SP','(12) 3456-7891','','','','','lucas.sabatino@arkus.com.br','1',1,'2020-04-03 18:41:53','basico',30.00,50.00,0,NULL),(88,'Thiago estevo de carvalho','1980-01-29','264.532.988-88','33.068.438-3','casa branca','SP','masculino','solteiro','gerente','13660-000','rua humberto ferri','30','santo afonso','Porto Ferreira','SP','(19) 9714-6803','','(19) 3589-1477','','','thiagoecarvalho2019@bol.com.br','1',1,'2020-05-13 12:48:12','familiar',52.70,50.00,0,NULL);
/*!40000 ALTER TABLE `ficha_adesao` ENABLE KEYS */;
UNLOCK TABLES;

--
-- Table structure for table `ficha_beneficiarios`
--

DROP TABLE IF EXISTS `ficha_beneficiarios`;
/*!40101 SET @saved_cs_client     = @@character_set_client */;
/*!40101 SET character_set_client = utf8 */;
CREATE TABLE `ficha_beneficiarios` (
  `id` int(11) NOT NULL AUTO_INCREMENT,
  `ficha_adesao_id` int(11) DEFAULT 0,
  `nome` varchar(128) DEFAULT NULL,
  `grau` varchar(20) DEFAULT NULL,
  `rg` varchar(20) DEFAULT NULL,
  `cpf` varchar(20) DEFAULT NULL,
  `data_nascimento` varchar(10) DEFAULT NULL,
  PRIMARY KEY (`id`)
) ENGINE=InnoDB AUTO_INCREMENT=115 DEFAULT CHARSET=utf8;
/*!40101 SET character_set_client = @saved_cs_client */;

--
-- Dumping data for table `ficha_beneficiarios`
--

LOCK TABLES `ficha_beneficiarios` WRITE;
/*!40000 ALTER TABLE `ficha_beneficiarios` DISABLE KEYS */;
INSERT INTO `ficha_beneficiarios` (`id`, `ficha_adesao_id`, `nome`, `grau`, `rg`, `cpf`, `data_nascimento`) VALUES (1,24,'Caio Zago cuenca','Filho(a)',NULL,NULL,'1999-08-09'),(2,25,'Amanda Lara Prado','Filho(a)',NULL,NULL,'2007-03-26'),(6,29,'zara lilian zago cuenca','Esposa(o)','21.555.522-2','123.456.464-55','1973-08-15'),(7,29,'CAIO ZAGO CUENCA','Filho(a)',NULL,NULL,'1999-08-09'),(8,30,'guilherme','Filho(a)',NULL,NULL,'2009-06-08'),(9,32,'gabriel','Esposa(o)','','','1982-08-14'),(10,34,'persio sebastio pereira','Esposa(o)','20.524.078-_','112.848.558-30','1973-02-13'),(11,34,'brenda cristine pereira','Filho(a)',NULL,NULL,'1997-02-07'),(12,34,'pedro henrique pereira','Filho(a)',NULL,NULL,'2002-04-16'),(13,34,'maria de lourdes pereira amaral','Sogro(a)',NULL,NULL,'1938-10-05'),(14,34,'jos paulo amaral','Outros',NULL,NULL,'1961-12-08'),(15,34,'perla joana pereira','Outros',NULL,NULL,'1975-04-07'),(16,34,'vanderli ap martins','Outros',NULL,NULL,''),(17,34,'joo vitor pereira martins','Outros',NULL,NULL,'2005-08-31'),(18,34,'eduardo pereira martins','Outros',NULL,NULL,'2006-08-23'),(19,35,'RITA de CASSIA VERISSIMO de buone','Esposa(o)','','','1965-11-01'),(20,35,'VICTRIA VERISSIMO de buone','Filho(a)',NULL,NULL,'1997-12-22'),(21,35,'MATHEUS VERISSIMO de buone','Filho(a)',NULL,NULL,'1999-10-31'),(22,35,'JOS ROBERTO de buone','Pai',NULL,NULL,'1938-12-19'),(23,35,'REGINA LCIA LVIO de buone','Me',NULL,NULL,'1943-08-07'),(24,41,'WILLIAN DA SILVA PEDROSO','Esposa(o)','','',''),(25,44,'edvaldo alves da silva sobrinho','Esposa(o)','','','1960-12-27'),(26,44,'mariana de oliveira ','Filho(a)',NULL,NULL,'2007-05-22'),(27,44,'rodrigo alves da silva','Filho(a)',NULL,NULL,'1987-09-25'),(28,44,'thiago alves da silva','Filho(a)',NULL,NULL,'1984-04-03'),(29,44,'giulia castilho alves','Outros',NULL,NULL,'2013-11-05'),(30,44,'lara alves da silva','Outros',NULL,NULL,'2016-03-02'),(31,45,'lus brs lopes','Esposa(o)','','027.752.758-93','1962-05-09'),(32,45,'lus felipe lopes','Filho(a)',NULL,NULL,'1994-01-07'),(33,45,'renato henrique lopes','Filho(a)',NULL,NULL,'2001-02-01'),(34,45,'cesar lus gomes','Outros',NULL,NULL,''),(35,46,'tamiris liliane martino caetano','Esposa(o)','47.644.749-5','387.735.598-65','1990-09-11'),(36,46,'isabelly emiliana da silva','Filho(a)',NULL,NULL,'2013-04-14'),(37,47,'tamiris liliane martino caetano','Esposa(o)','47.644.749-5','387.735.598-65','1990-09-11'),(38,47,'isabelly emiliana da silva','Filho(a)',NULL,NULL,'2013-04-14'),(39,48,'dbora kastein martinelli','Esposa(o)','19.604.057-_','110.093.338-79','1970-02-14'),(40,48,'karolina kastein martinelli ferrassini','Filho(a)',NULL,NULL,'2011-02-16'),(41,48,'ANA LUISA MARCIAL FERRASSINI','Me',NULL,NULL,'1952-06-22'),(42,48,'JERRI ADRIANO FERRASSINI','Outros',NULL,NULL,'1974-03-20'),(43,48,'KASSIAN KASTEIN MARTINELLI SILVA','Outros',NULL,NULL,'1996-06-12'),(44,49,'dbora kastein martinelli','Esposa(o)','19.604.057-_','110.093.338-79','1970-02-14'),(45,49,'karolina kastein martinelli ferrassini','Filho(a)',NULL,NULL,'2011-02-16'),(46,49,'ANA LUISA MARCIAL FERRASSINI','Me',NULL,NULL,'1952-06-22'),(47,49,'JERRI ADRIANO FERRASSINI','Outros',NULL,NULL,'1974-03-20'),(48,49,'KASSIAN KASTEIN MARTINELLI SILVA','Outros',NULL,NULL,'1996-06-12'),(49,50,'dbora kastein martinelli','Esposa(o)','19.604.057-_','110.093.338-79','1970-02-13'),(50,50,'karolina kastein martinelli ferrassini','Filho(a)',NULL,NULL,'2011-02-16'),(51,50,'ANA LUISA MARCIAL FERRASSINI','Me',NULL,NULL,'1952-06-22'),(52,50,'JERRI ADRIANO FERRASSINI','Outros',NULL,NULL,'1974-03-20'),(53,50,'KASSIAN KASTEIN MARTINELLI SILVA','Outros',NULL,NULL,'1996-06-12'),(54,51,'dbora kastein martinelli','Esposa(o)','19.604.057-_','110.093.338-79','1970-02-13'),(55,51,'karolina kastein martinelli ferrassini','Filho(a)',NULL,NULL,'2011-02-16'),(56,51,'ANA LUISA MARCIAL FERRASSINI','Me',NULL,NULL,'1952-06-22'),(57,51,'JERRI ADRIANO FERRASSINI','Outros',NULL,NULL,'1974-03-20'),(58,51,'KASSIAN KASTEIN MARTINELLI SILVA','Outros',NULL,NULL,'1996-06-12'),(59,52,'zara lilian zago cuenca','Esposa(o)','','','1973-08-15'),(60,53,'dbora kastein martinelli','Esposa(o)','19.604.057-_','110.093.338-79','1970-02-13'),(61,53,'karolina kastein martinelli ferrassini','Filho(a)',NULL,NULL,'2011-02-16'),(62,53,'ANA LUISA MARCIAL FERRASSINI','Me',NULL,NULL,'1952-06-22'),(63,53,'JERRI ADRIANO FERRASSINI','Outros',NULL,NULL,'1974-03-20'),(64,53,'KASSIAN KASTEIN MARTINELLI SILVA','Outros',NULL,NULL,'1996-06-12'),(65,54,'eliana','Esposa(o)','','',''),(66,55,'CAIO ZAGO CUENCA','Filho(a)',NULL,NULL,'1999-08-09'),(67,56,'eliana','Esposa(o)','','',''),(68,57,'dbora kastein martinelli','Esposa(o)','19.604.057-_','110.093.338-79','1970-02-13'),(69,57,'karolina kastein martinelli ferrassini','Filho(a)',NULL,NULL,'2011-02-16'),(70,57,'ANA LUISA MARCIAL FERRASSINI','Me',NULL,NULL,'1952-06-22'),(71,57,'JERRI ADRIANO FERRASSINI','Outros',NULL,NULL,'1974-03-20'),(72,57,'KASSIAN KASTEIN MARTINELLI SILVA','Outros',NULL,NULL,'1996-06-12'),(73,58,'CAIO ZAGO CUENCA','Filho(a)',NULL,NULL,'1999-08-09'),(74,59,'CAIO ZAGO CUENCA','Filho(a)',NULL,NULL,'1999-08-09'),(75,60,'CAIO ZAGO CUENCA','Filho(a)',NULL,NULL,'1999-08-09'),(76,61,'sergio','Esposa(o)','','','1989-08-14'),(77,62,'caio zago cuenca','Esposa(o)','','','1999-08-09'),(78,63,'caio zago cuenca','Esposa(o)','','','1999-08-09'),(79,64,'caio zago cuenca','Esposa(o)','','','1999-08-09'),(80,65,'zara lilian zago cuenca','Esposa(o)','','','1973-08-15'),(81,65,'CAIO ZAGO CUENCA','Filho(a)',NULL,NULL,'1999-08-09'),(82,66,'sergio','Esposa(o)','12.312.312-3','123.123.123-12',''),(84,68,'caio zago cuenca','Esposa(o)','','','1999-08-09'),(87,71,'sergio','Esposa(o)','12.312.312-3','123.123.123-12',''),(88,72,'caio zago cuenca','Esposa(o)','','','1999-08-09'),(89,73,'Taisa aparecida bosso','Esposa(o)','41.517.659-1','308.720.338-64','1982-11-21'),(90,73,'victria bosso fuzaro','Outros',NULL,NULL,'2003-12-02'),(91,73,'anisio bezerra','Pai',NULL,NULL,'1946-08-18'),(92,74,'Taisa Aparecida Bosso','Esposa(o)','','','1982-11-21'),(93,74,'victria bosso fuzaro','Outros',NULL,NULL,'2003-12-02'),(94,74,'Rodrigo Alexandre Marques ribeiro','Outros',NULL,NULL,'1979-01-13'),(95,74,'viviane bezerra marques ribeiro','Outros',NULL,NULL,'1982-09-12'),(96,74,'Laura Bezerra Marques Ribeiro','Outros',NULL,NULL,'2000-08-21'),(97,74,'Lara Bezerra Marques Ribeiro','Outros',NULL,NULL,'2008-12-29'),(98,74,'Las Bezerra Marques Ribeiro','Outros',NULL,NULL,'2013-08-28'),(99,74,'Anizio bezerra','Pai',NULL,NULL,'1946-12-12'),(100,74,'Cibele maria ferreira','Me',NULL,NULL,'1961-05-03'),(101,76,'CARLOS HENRIQUE HILDEBRAND','Esposa(o)','33.812.536-4','313.725.798-00','1983-03-25'),(102,76,'JOAQUIM MOREIRA DO NASCIMENTO','Pai',NULL,NULL,'1957-07-20'),(103,76,'FRANCISCA FELISMINA DO NASCIMENTO','Me',NULL,NULL,'1962-07-09'),(104,76,'REGINA FELISMINA MOREIRA','Outros',NULL,NULL,'1984-05-24'),(105,76,'JOSEFA REJANE FELISMINA MOREIRA','Outros',NULL,NULL,'1985-04-04'),(106,76,'CICERO RENO MOREIRA DO NASCIMENTO','Outros',NULL,NULL,'1988-07-27'),(107,76,'JOAQUIM MOREIRA DO NASCIMENTO JUNIOR','Outros',NULL,NULL,'1991-08-15'),(108,76,'MARIA MOREIRA DO NASCIMENTO','Outros',NULL,NULL,'1936-08-25'),(109,76,'PEDRO HENRIQUE DO NASCIMENTO','Outros',NULL,NULL,'2008-08-08'),(110,77,'Rodrigo Cuenca','Esposa(o)','','',''),(111,88,'Melvina Cardoso','Esposa(o)','','','1984-07-06'),(112,88,'neusa maria cardoso','Me',NULL,NULL,'1957-08-13'),(113,88,'Richard cardoso vieira','Outros',NULL,NULL,'2001-01-17'),(114,88,'rafael cardoso vieira','Outros',NULL,NULL,'2001-01-17');
/*!40000 ALTER TABLE `ficha_beneficiarios` ENABLE KEYS */;
UNLOCK TABLES;

--
-- Table structure for table `lista`
--

DROP TABLE IF EXISTS `lista`;
/*!40101 SET @saved_cs_client     = @@character_set_client */;
/*!40101 SET character_set_client = utf8 */;
CREATE TABLE `lista` (
  `id` int(11) NOT NULL AUTO_INCREMENT,
  `id_categoria` int(11) NOT NULL DEFAULT 0,
  `id_cidade` int(11) NOT NULL DEFAULT 0,
  `nome` varchar(250) NOT NULL,
  `fone` varchar(250) DEFAULT NULL,
  `status` int(1) DEFAULT 1,
  `exclude` int(1) DEFAULT 0,
  PRIMARY KEY (`id`) USING BTREE
) ENGINE=InnoDB AUTO_INCREMENT=252 DEFAULT CHARSET=utf8 AVG_ROW_LENGTH=98;
/*!40101 SET character_set_client = @saved_cs_client */;

--
-- Dumping data for table `lista`
--

LOCK TABLES `lista` WRITE;
/*!40000 ALTER TABLE `lista` DISABLE KEYS */;
INSERT INTO `lista` (`id`, `id_categoria`, `id_cidade`, `nome`, `fone`, `status`, `exclude`) VALUES (3,5,3,'Uniprev Diagnsticos','(19) 3583-2404',1,0),(4,5,1,'Laboratrio Santa Lydia','(19) 3581-2645',1,0),(5,5,1,'Laboratrio So Lucas','(19) 3589-1241',1,0),(6,5,1,'Laboratrio So Marcos','(19) 3581-1823',0,0),(7,5,1,'Laboratrio PortoLab','(19)3585-5002',1,0),(8,5,4,'Laboratrio de Anlises Clnicas Santa Rita','(19) 3582-1131',1,0),(10,5,5,'Instituto de Patologia e Citologia Prof. Dr. Victrio Valeri','(16) 3512-1111',0,0),(11,6,1,'Melissa Denardi Pizzo','(19) 3585-3419',1,0),(12,7,3,'Dr. Carlos Henrique de Andrade Castro','(19) 3583-2739',1,0),(13,7,1,'Dr. Joo Fernando Monteiro','(19) 3581-3240',1,0),(14,7,5,'Dr. Romeu Alioti','(16) 3632-4432',1,0),(15,8,1,'Dr. Alexandre Martins Fazzito','(19) 3581-1311',1,0),(16,8,1,'Dr. Antonio Magno Fazzito','(19) 3581-1311',1,0),(17,9,3,'Dr. Adilson de Castro Renesto','(19) 3583-1007',1,0),(18,9,3,'Dr. Paulo Cesar Martins Guerra','(19) 3583-3820',1,0),(19,9,3,'Dr. Renan Dituri Mufato','(19) 3583-8149',0,0),(20,9,3,'Dr. Roberto Barreto','(19) 3583-3641',1,0),(21,9,3,'Dr. Rubens Algarte de Resende','(19) 3583-3007',1,0),(22,9,3,'Dra. Zulmira K. da Silva','(19) 3583-2322',1,0),(23,9,1,'Dr. Luis Humberto Rodrigues','(19) 3581-4418',1,0),(24,9,1,'Dr. Raimundo Ilacir Costa Santos','(19) 3581-3674',1,0),(25,9,1,'Dr. Roberto Antonio de Jesus Patrezze','(19) 3581-3859',1,0),(26,9,4,'Dr. Carlos Augusto Romero Cardenas','(19) 3582-2923',1,0),(27,9,4,'Dr. Jose Roberto dos Santos Rodrigues','(19)3582-1912',1,0),(28,10,6,'Clnica Mdica Julio Ara','(16)3411-1490',1,0),(29,11,1,'Dr. Luis Humberto Rodrigues','(19) 3581-4418',1,0),(30,12,1,'Dr. Luis Humberto Rodrigues','(19) 3581-4418',1,0),(32,12,4,'Dr. Jos Roberto dos Santos Rodrigues','(19) 3582-1912',1,0),(33,12,6,'Instituto Radiolgico Romeu Santini','(16) 3371-3436',0,0),(34,13,7,'Dr. Ruy Charles C. de Souza','(19)3561-6875',1,0),(35,13,5,'Dr. Ulisses Cardoso Marques','(16) 3635-1888',1,0),(36,14,1,'Dra. Rafaela Evelize de Oliveira','(19)3585-7370',1,0),(37,14,4,'Dr. Jos Eduardo Canalli','(19) 3582-5127',1,0),(38,15,3,'Dr. Renan Dituri Mufato','(19) 3583-6268',0,0),(39,15,5,'Dr. Miguel Damio Trinta','(16) 3621-8788',1,0),(40,14,1,'Dr. Eduardo Garcia Feresin','(19) 3581-1755',1,0),(41,16,3,'APAE - Centro de Fisioterapia e Hid. Maria A. F. Kastein','(19) 3583-1744',1,0),(42,16,3,'Clnica de Fisioterapia Fisioclin','(19) 3583-8149',1,0),(43,16,3,'Dra. Aniara Barbalho','(19) 3583-0792',0,0),(44,16,3,'Dr. Alexandre Prado','(19) 99269-5612',1,0),(45,16,3,'Dr. Matheus Aurelio Crot','(19) 3593-1026',1,0),(46,16,3,'Dr. Luiz Gonzaga F. da Silva Filho','(19) 3583-1003',1,0),(47,16,3,'Dra. Anna Erika Luporini Medeiros','(19) 3583-4326',1,0),(48,16,3,'Dra. Lilian Gurtler Franzin','(19) 99372-2534',1,0),(49,16,1,'Dr. Alex Tomaz Comin','(19) 3585-3071',1,0),(50,16,1,'Dr. Elcio Gustavo S. Arruda','(19) 3585-6276',1,0),(51,16,1,'Dra. Maira Dias da Silva','(19) 3585-5849',1,0),(52,16,1,'Fisioporto - Clnica de Fisioterapia','(19) 3581-4524',1,0),(53,17,3,'Dra. Marly de Falco Traldi Zaffalon','(19) 3583-1386',1,0),(54,17,3,'Dra. Patrcia Cirelli de Oliveira','(19) 99421-4756',1,0),(55,17,1,'Dra. Cassia Leite Biscaro Villalva','(19) 3581-4488',1,0),(56,17,1,'Dra.Fernanda Roberta Murer','(19) 99138-3891',1,0),(57,18,3,'Dr. Rodrigo Leonardo V. Fregonesi','(19) 3583-8191',1,0),(58,18,7,'Dr. Ruy Charles C. de Souza','(19) 3561-6875',1,0),(59,18,7,'Dra. Rosana Rodrigues L. de Souza','(19) 3561-6875',1,0),(60,18,1,'Dr. Luis Humberto Rodrigues','(19) 3581-4418',1,0),(61,18,1,'Dr. Raimundo Ilacir Costa dos Santos','(19) 3581-3674',1,0),(62,18,4,'Dr. Jos Roberto dos Santos Rodrigues','(19) 3582-1912',1,0),(63,19,8,'Dra. Renata Silva de Oliveira Viviani','(16) 3335-8078',1,0),(64,19,3,'Dr. Carlos F. Erbolato Melo','(19) 3583-2739',1,0),(65,19,3,'Dr. Rubens Algarte de Resende','(19) 3583-3007',1,0),(66,19,3,'Dra. Marilia Colussi Braga','(19) 3583-0792',1,0),(67,19,3,'Dra. Zulmira K. da Silva','(19) 3583-2322',1,0),(68,19,1,'Dr. Carlos Renato Arajo','(19) 3581-4418',1,0),(69,19,1,'Dr. Edmar Aparecido de Campos','(19) 3581-3094',1,0),(70,20,5,'Dr. Jos Eduardo Bernardes','(16) 3632-5373',1,0),(71,21,3,'Dr. Roberto Barreto','(19) 3583-3641',1,0),(72,21,1,'Dr. Roberto Antonio de Jesus Patrezze','(19) 3581-3859',1,0),(73,22,1,'CDI - Hospital Dona Balbina','(19) 3589-5515',1,0),(74,22,6,'C.I.D.I. - Diagnstico em Imagem','(16) 3509-1155 / 3371-4042 / 3364-2609',1,0),(75,23,1,'Sueli Aparecida da Silva Hilario','(19) 3585-6589',1,0),(76,24,3,'Dr. Carlos F. Erbolato Melo','(19) 3583-2739',1,0),(77,25,7,'Dr. Pedro Perim Jr.','(19) 3561-6113',1,0),(78,53,1,'Dr. Rafael Scarpa da Costa Neves','(19) 99587-1212',1,0),(79,25,1,'Dr. Valter Alberto Dente','(19) 3581-1151',1,0),(80,53,1,'Dra. Ftima de Pdua Safatle Soares','(19) 99587-1212',1,0),(81,26,3,'Dra. Nathalia Mauri Faria da Cunha','(19) 3583- 2739',1,0),(82,26,3,'Dra. Rita de Cassia Rinaldi dos Santos','(19) 3583-3612',1,0),(83,26,1,'Dra. Claudimara Cristina Milanez','(19) 3581-5433',0,0),(84,26,1,'Dra. Fernanda Ferrari Migliari','(19) 3585-1194',1,0),(85,26,1,'Dra. Karina Massoneti Tozzato','(19) 3581-4236',1,0),(86,26,1,'Dra. Karina Massoneti Tozzato','(19) 3581-1546',0,0),(87,27,3,'Dr. Maurcio Martins Provinciatti','(19) 3583-5204',0,0),(88,27,3,'Dr. Gustavo Boze Toffoli','(19)3583-8716',0,0),(89,27,3,'Dr. Willian Traldi','(19) 3583-8716',1,0),(90,27,3,'Dr. Wladimir J. Assoni','(19) 3583-3731',1,0),(91,27,3,'Dra. Carmen Heloisa Gabrielli Zaffalon','(19) 3583-3679',1,0),(92,27,3,'Dra. Vanessa R. Vieira','(19) 3583-6718',1,0),(93,27,1,'Dr. Celso Hissao Narita','(19) 3581-4290',1,0),(94,27,1,'Dr. Fabio de Souza Lima','(19) 3585-3921',1,0),(95,27,1,'Dr. Fabrizio Jose Pinto Amaral','(19) 3581-2055',1,0),(96,27,1,'Dr. Jos Eduardo Biffi','(19) 3589-1580',1,0),(97,27,1,'Dr. Natalino Colavolpe','(19) 3581-1598',1,0),(98,27,1,'Dra. Fernanda A. Pinto Amaral','(19) 3581-2055',1,0),(99,27,1,'Dra. Gabriela Giovanini','(19) 3588-6718',1,0),(100,27,1,'Dra. Luciana Dezotti Dozzi Tezza','(19) 3585-5446',1,0),(101,27,1,'Dra. Marcia Cristina Cruz','(19) 3581-5102 / 99701-1407',1,0),(102,27,1,'Dra. Mariangela Ribaldo B. Antunes','(19) 3581-2218',1,0),(103,27,1,'Dra. Nathalia Reinig Moreira','(19) 3581-1545',1,0),(104,27,1,'Dra. Ana Carolina Dozzi Terra','(19) 3585-4578',1,0),(105,28,1,'Dr. Paulo Sergio Favaro','(19) 3585-2071',1,0),(106,1,3,'Dr. Antonio Carlos B. Baldin','(19) 3583-8016',1,0),(107,1,3,'Dr. Maurcio Wiechmann Catai','(19) 3583-2958',1,0),(108,1,7,'Dr. Arclio Hermoo','(19) 3561-4720',1,0),(109,1,1,'Dr. Fabio Vieira da Silva','(19) 3585-6198',1,0),(110,1,1,'Dr. Manoel Soares de Lima','(19) 3581-2754',1,0),(111,1,1,'Dr. Nelson Del Nero Junior','(19) 3581-1755',1,0),(112,1,4,'Dr. Paulo Clio Muradi','(19) 3582-2892',1,0),(113,1,5,'Dr. Fbio Vieira da Silva','(16) 3625-0319',1,0),(114,29,3,'Dr. Willian Traldi','(19) 3583-8716',1,0),(115,29,1,'Clnica Ortodontica Moreira','(19) 3581-1545',1,0),(116,29,1,'Dr. Andre Ernesto Borges Colavolpe','(19) 3581-1598',1,0),(117,30,1,'Dr. Eduardo Carvalho de Lima','(19) 3585-3521',1,0),(118,30,1,'Dr. Jose Luciano Caversan Filho','(19) 3581-4418',1,0),(119,30,1,'Dra. Celia Yoko Nisiyama','(19) 3581-1839',1,0),(120,30,4,'Dr. Juan Carlos Mathey Rubio','(19) 3582-3839',1,0),(121,2,3,'Dr. Luiz Eduardo Levy M. Vicentin','(19)3583-0792',1,0),(122,2,7,'Dr. Nelson Augusto Flix dos Santos','(19) 3561-3518',0,0),(123,2,1,'Dr. Gabriel Chaud Tizziotti','(19) 3589-3999',0,0),(124,2,4,'Dr. Joo Carlos Gonalves de Souza','(19) 3582-3252',1,0),(126,31,3,'Dr. Roberto Barreto','(19) 3583-3641',1,0),(127,31,3,'Dra. Adrianis Poncini Rezende','(19) 3583-3007',1,0),(128,31,3,'Dr. Paulo Cesar Bermudes','(19) 3583-0792',1,0),(129,31,6,'Dr. Normando Roberto Gomes de Lima','(16) 3371-1558',1,0),(130,31,1,'Dr. Lo Roberto Barth','(19) 3585-5192',1,0),(131,31,1,'Dra. Soraia Nassif Monteiro','(19) 3581-3240',1,0),(132,32,1,'Dr. Leo Roberto Barth','(19) 3585-7019',1,0),(133,33,1,'Gabriela Martins Pereira','(19) 3585-7220',0,0),(134,33,1,'Larissa de Cassia Malaman','(19) 3585-7220',1,0),(135,34,3,'Andrea Cristina Alcaide','(19) 3583-1283',1,0),(136,34,3,'Marcos Felipe Chiaretto','(19) 99388-3810',1,0),(137,34,3,'Gabriela Rodardi Issa','(19) 99235-8372',1,0),(138,34,3,'Joselaine Marineli','(19) 3583-8016',1,0),(139,34,3,'Deborah Morseli Crupi','(19) 3583-4007',1,0),(140,34,3,'Dra. Melina Vianna Fava','(19) 3583-3007',0,0),(141,34,3,'Nacir Aparecida Bertini','(19) 99235-2202',1,0),(142,34,3,'Nara Pratta','(19) 99688-1962',1,0),(143,34,3,'Patrcia Ribeiro Campos Correa','(19) 3583-8149',1,0),(144,34,3,'Renata Alessandra de M. Baldin','(19) 3583-8016',1,0),(145,34,3,'Silvia Helena A. de Oliveira','(19) 3583-2541',1,0),(146,34,3,'Silvia Regina Morseli','(19) 3583-4007',1,0),(148,34,1,'Emerson Loureiro','(19) 3585-2833',1,0),(149,34,1,'Marcos Felipe Chiaretto','(19) 99388-3810',1,0),(150,34,1,'Carolina Molena','(19) 3585-3340',1,0),(151,34,1,'Laurinda Soares de Oliveira','(19) 3581-1012',1,0),(152,34,1,'Luciane Ranzani Carlos Baso','(19) 99494-5454',1,0),(153,34,1,'Melissa Denardi Pizzo','(19) 3585-3419',1,0),(154,34,1,'Nathalia de Biasi Braghin','(19) 3581-4007',1,0),(155,34,1,'Roberta Montefusco Peripato','(19) 3581-5173',1,0),(156,34,5,'Sarah Carmago Silveira','(16) 3023-7977',1,0),(157,35,1,'Dra. Sabrina L. Delduque Teixeira','(19) 3581-1573',0,0),(158,36,2,'JP. Instituto de Radiologia','(19) 3541-7178',1,0),(159,36,1,'CEO - Imagem Radiologia','(19) 3589-1212',1,0),(160,36,1,'CDI - Hospital Dona Balbina','(19) 3589-5515',1,0),(161,36,5,'Instituto de Rdio Imagem','(16) 3519- 3519',1,0),(162,36,6,'Instituto Radiolgico Romeu Santini','(16) 3371-3436',0,0),(163,36,6,'C.I.D.I.','(16) 3509-1155 / 3371-4042 / 3364-2609',1,0),(164,37,8,'Dr. Jose Felipe Gulo','(16) 3336-9203',1,0),(165,38,6,'C.I.D.I Centro Integrado de Diagnstico em Imagem','(16) 3371-4042',1,0),(166,39,5,'Dr. Luciano Ambrsio Alves','(16) 4009-2999',1,0),(167,40,3,'Maria Teresa Gouveia','(19) 3583-6241',1,0),(168,41,3,'Dra. Juliana S. Encinas','(19) 3583-1892',1,0),(169,41,1,'Hospital Dona Balbina  - CDI','(19) 3589-5515',1,0),(170,41,5,'Instituto de Rdio Imagem','(16) 3519-3519',1,0),(171,41,6,'C.I.D.I. Centro Integrado de Diagnstico por Imagem','(16) 3509-1155 / 3371-4042 / 3364-2609',1,0),(172,42,1,'Dr. Luiz Henrique Ledesma Pereira','(19) 3585-7492',1,0),(173,42,5,'Dr. Marcelo Denilson Baptistussi','(16) 3620-0015',1,0),(174,40,1,'Homero Faria','(19) 3585-3921',1,0),(175,42,1,'Dr. Fernando Miyada','(19) 3589-2701',0,0),(176,9,1,'Dr. Fernando Ramos','(19) 3589-3999',0,0),(177,18,1,'Dr. Fernando Ramos','(19) 3589-3999',0,0),(178,22,6,'Eco & Mama Diagnstico Digital','(16) 3372-7668',1,0),(179,41,6,'Eco & Mama Diagnstico Digital','(16) 3372-7668',1,0),(180,31,3,'Dra. Luciana Scalli Mathias Duarte Messias','(19) 3583-2739',0,0),(181,30,3,'Dr. Ccero Santos Messias','(19) 3583-2739',0,0),(182,18,3,'Dr. Rodrigo Leonardo V. Fregonesi','(19) 3583-8191',1,0),(183,16,3,'Dra. Tainara Maria Cirelli','3593-1026',1,0),(184,16,3,'Dra. Bruna Pivesso Gomes','(19) 98101-4991',1,0),(185,42,3,'Dr. Alfredo Jayme Rodrigues','(19) 3583-2739',1,0),(186,18,3,'Dr. Ilacir Costa Santos','3583-8149',0,0),(187,34,3,'Isabela Rissi','(19) 3583-8191',1,0),(188,9,1,'Dr. Carlos Eduardo M. da Silva','(19) 3585-3521',1,0),(189,27,3,'Dra. Juliana Camargo de Lima','(19) 3583-8716',1,0),(190,34,3,'Bianca Cristina Bronini','(19) 99395-6122',1,0),(191,34,1,'Bruna Aparecida Farias','(19) 3585-6789',0,0),(192,34,3,'Walter de Brito Nunes','(19) 99952-5437',1,0),(193,1,1,'Dr. Ernani Marques Borges','(19) 3581-5550',1,0),(194,34,1,'Jucimar Mota da Silva Santos','(19) 3581-4875',1,0),(195,1,4,'Dr. Ernani Marques Borges','(19) 3582-3569',1,0),(196,43,3,'Dr. Marcio Ferreira','(19) 3583-0792',1,0),(197,5,1,'Laboratrio de Anlises Clnicas Previ-Lab','(19) 3581-4859',1,0),(198,43,3,'Dr. Auro de Andrade Filho','(19) 3583-0792',1,0),(199,1,3,'Dr. Nicollas Pancini Rezende','(19)3583-3007',1,0),(200,27,3,'Dra. Michelli Sabrina Altoe Bordini','(19) 3583-5204',1,0),(201,14,3,'Dra. Giovana Ribeiro','(19) 3583- 1953',1,0),(202,16,3,'Dra. Elisangela S. Vilarta','(19) 3583-8191',1,0),(203,44,1,'Aline Roberta de Oliveira','(19) 99269-9755',1,0),(204,44,1,'Livia Mara Honorato Fiocchi','(19) 98150-3889',1,0),(205,34,3,'Simone Cristina Octaviano','(19) 3583-1719',1,0),(206,1,5,'Instituto de Olhos Reynaldo Rezende','(16) 3797-8777',1,0),(207,45,1,'Camila Bruno Curti','(19) 98323-2551',1,0),(208,46,1,'Dr. Fernando Csar Gonalves','(19) 3589-1692',0,0),(209,46,1,'Dr. Alan Tomaz Comin','(19) 3581-6009',1,0),(210,46,3,'Dra. Maria Cecilia Queiroz Gentil','(19) 3583-7104',1,0),(211,46,3,'Dr. Leandro Gheler Costa','(19) 99526-7251',1,0),(212,46,1,'Dra. Ana Laura C. R. de Aguiar','(19) 3585-1149',1,0),(213,46,1,'Dra. Heriadina Garcia','(19) 99245-6762',1,0),(214,46,3,'Dr. Luiz Fernando Pozzi Gentil','(19) 3583-7104',1,0),(215,16,1,'Dra.Nayara Fernanda de Freitas','(19) 99321-8946',1,0),(216,34,1,'Gustavo Guethi Manhani','(19) 99970-0661',1,0),(217,47,1,'Agro-Centro','(19)3581-1988',1,0),(218,47,3,'Paiol Agropecuria','(19) 3583-1366',1,0),(219,17,3,'Dra. Jussara Paludetti Verona','(19) 99235-2202',1,0),(220,34,3,'Anna Christina do A. Zanatta','(19) 3583-1742',1,0),(221,34,3,'Vivian Bonani de Souza Girotti','(19) 99181-1292',1,0),(222,34,1,'Rafaela Gonalves P. Amaral','(19)99697-7578',1,0),(223,48,1,'Dra. Rosngela C. Marsigliese','(19) 3589-2371',1,0),(224,45,3,'Dra. Marcela D. Galetti','(19) 3583-8149',1,0),(225,25,7,'Dr. Jos Anzio Palaveri','(19) 3561-3801',1,0),(226,31,7,'Dr. Jos Anzio Palaveri','(19) 3561-3801',1,0),(227,49,7,'Dr. Jos Anzio Palaveri','(19) 3561-3801',1,0),(228,19,1,'Dra. Ana Luiza Bello','(19) 3585-7370',1,0),(229,19,1,'Dr. Ansio Gazeta Jr.','(19) 3581-3674',1,0),(230,18,1,'Dr. Carlos Eduardo Garcia','(19) 3585-3521',1,0),(231,16,3,'Dra. Tatiana Mara Galhasso Dalbense','(19) 3583-8149 ou (19) 98924-0707',1,0),(232,1,7,'Dr. Guilherme Feliciano Figueredo','(19) 3561-4720',1,0),(233,50,1,'Natufarma','(19) 3581-2513',1,0),(234,50,3,'Alterative Pharma','(19) 3583-2239',1,0),(235,27,1,'Instituto Rennova','(19) 3581-4019 (19) 98126-5110',1,0),(236,34,3,'Dra. Lilian Reschini','(19) 3583-2739',1,0),(237,41,6,'Centro Mdico So Carlos','(16) 3413-7848',1,0),(238,27,1,'Dra. Ana Carolina Alves Teixeira','(19) 3585-6938',1,0),(239,27,1,'Dr. Marcio Roberto Zotesso Damnha','(19) 3585-6938',1,0),(240,52,1,'Vision tica','(19) 3581- 2500',1,0),(241,25,1,'Dr. Eduardo Gonalves','(19) 3585-7370  (19) 3585-2302',1,0),(242,28,1,'Silmara de Cassia R. dos Santos','(19) 3588-7104',0,0),(243,26,3,'Dra. Caroline Martins Rusca','(19) 98932-3131',1,0),(244,26,3,'Dra. Lilian Cristina de Carvalho','(19) 97109-9644',1,0),(245,26,3,'Dra. Maria Marcia de Almeida Silva','(11) 98706-4194',1,0),(246,54,5,'Pr- Imagem','( 16) 3456-3456 (16)99991-9985',1,0),(247,35,1,'Dra. Valria de Ftima Liberto','(19) 3581-3674',1,0),(248,12,6,'Norden Hospital','(16) 3363-2200',1,0),(249,11,6,'Norden Hospital','(16) 3363-2200',1,0),(250,36,6,'Norden Hospital','(16) 3363-2200',1,0),(251,41,6,'Norden Hospital','(16) 3363-2200',1,0);
/*!40000 ALTER TABLE `lista` ENABLE KEYS */;
UNLOCK TABLES;

--
-- Table structure for table `lista_categoria`
--

DROP TABLE IF EXISTS `lista_categoria`;
/*!40101 SET @saved_cs_client     = @@character_set_client */;
/*!40101 SET character_set_client = utf8 */;
CREATE TABLE `lista_categoria` (
  `id` int(11) NOT NULL AUTO_INCREMENT,
  `title` varchar(250) NOT NULL,
  `status` int(1) DEFAULT 1,
  `exclude` int(1) DEFAULT 0,
  PRIMARY KEY (`id`) USING BTREE
) ENGINE=InnoDB AUTO_INCREMENT=55 DEFAULT CHARSET=utf8 AVG_ROW_LENGTH=409;
/*!40101 SET character_set_client = @saved_cs_client */;

--
-- Dumping data for table `lista_categoria`
--

LOCK TABLES `lista_categoria` WRITE;
/*!40000 ALTER TABLE `lista_categoria` DISABLE KEYS */;
INSERT INTO `lista_categoria` (`id`, `title`, `status`, `exclude`) VALUES (1,'Oftalmologia',1,0),(2,'Otorrinolaringologia',1,0),(5,'Anlises Clnicas',1,0),(6,'Acupuntura',1,0),(7,'Angiologia',1,0),(8,'Cardiologia',1,0),(9,'Clnica Geral',1,0),(10,'Clnica Mdica',1,0),(11,'Colonoscopia',1,0),(12,'Endoscopia',1,0),(13,'Coloproctologia',1,0),(14,'Dermatologia',1,0),(15,'Endocrinologia',1,0),(16,'Fisioterapia',1,0),(17,'Fonoaudiologia',1,0),(18,'Gastroenteorologia',1,0),(19,'Ginecologia',1,0),(20,'Hematologia',1,0),(21,'Homeopatia',1,0),(22,'Mamografia',1,0),(23,'Massoterapia',1,0),(24,'Mastologia',1,0),(25,'Neurologia',1,0),(26,'Nutricionista',1,0),(27,'Odontologia',1,0),(28,'Optometria',1,0),(29,'Ortodontia',1,0),(30,'Ortopedia',1,0),(31,'Pediatria',1,0),(32,'Pneumologia',1,0),(33,'Podologia',1,0),(34,'Psicologia',1,0),(35,'Psiquiatria',1,0),(36,'Radiologia',1,0),(37,'Reumatologia',1,0),(38,'Ressonncia magntica e tomografia',1,0),(39,'Retinologia',1,0),(40,'Terapia holstica',1,0),(41,'Ultra-som',1,0),(42,'Urologia',1,0),(43,'Cirurgia Plstica',1,0),(44,'Psicopedagogia',1,0),(45,'Pilates',1,0),(46,'Clnica Veterinria',1,0),(47,'Agropecuaria',1,0),(48,'Procedimentos Estticos',1,0),(49,'Neuropediatria',1,0),(50,'Farmcia',1,0),(51,'ptica',1,0),(52,'tica',1,0),(53,'Eletroencefalograma',1,0),(54,'Exames de Imagem para Diagnsticos',1,0);
/*!40000 ALTER TABLE `lista_categoria` ENABLE KEYS */;
UNLOCK TABLES;

--
-- Table structure for table `lista_cidade`
--

DROP TABLE IF EXISTS `lista_cidade`;
/*!40101 SET @saved_cs_client     = @@character_set_client */;
/*!40101 SET character_set_client = utf8 */;
CREATE TABLE `lista_cidade` (
  `id` int(11) NOT NULL AUTO_INCREMENT,
  `cidade` varchar(250) NOT NULL,
  `status` int(1) DEFAULT 1,
  `exclude` int(1) DEFAULT 0,
  PRIMARY KEY (`id`) USING BTREE
) ENGINE=InnoDB AUTO_INCREMENT=9 DEFAULT CHARSET=utf8 AVG_ROW_LENGTH=2048;
/*!40101 SET character_set_client = @saved_cs_client */;

--
-- Dumping data for table `lista_cidade`
--

LOCK TABLES `lista_cidade` WRITE;
/*!40000 ALTER TABLE `lista_cidade` DISABLE KEYS */;
INSERT INTO `lista_cidade` (`id`, `cidade`, `status`, `exclude`) VALUES (1,'Porto Ferreira',1,0),(2,'Araras',1,0),(3,'Descalvado',1,0),(4,'Santa Rita do Passa Quatro',1,0),(5,'Ribeiro Preto',1,0),(6,'So Carlos',1,0),(7,'Pirassununga',1,0),(8,'Araraquara',1,0);
/*!40000 ALTER TABLE `lista_cidade` ENABLE KEYS */;
UNLOCK TABLES;

--
-- Table structure for table `newsletter`
--

DROP TABLE IF EXISTS `newsletter`;
/*!40101 SET @saved_cs_client     = @@character_set_client */;
/*!40101 SET character_set_client = utf8 */;
CREATE TABLE `newsletter` (
  `id` int(11) NOT NULL AUTO_INCREMENT,
  `email` varchar(255) DEFAULT NULL,
  PRIMARY KEY (`id`) USING BTREE,
  UNIQUE KEY `email` (`email`) USING BTREE
) ENGINE=InnoDB AUTO_INCREMENT=359 DEFAULT CHARSET=latin1 AVG_ROW_LENGTH=16384;
/*!40101 SET character_set_client = @saved_cs_client */;

--
-- Dumping data for table `newsletter`
--

LOCK TABLES `newsletter` WRITE;
/*!40000 ALTER TABLE `newsletter` DISABLE KEYS */;
INSERT INTO `newsletter` (`id`, `email`) VALUES (317,'1959mikaella@gmail.com'),(224,'a.agnaldogallo@hotmail.com'),(295,'a.paulapalmerim@gmail.com'),(272,'adeliap@hotmail.com'),(243,'adrianab@univali.br'),(120,'adrianacleiton2525@gmail.com'),(142,'adriana_gomesfelix@hotmail.com'),(350,'adrielebrineroliveira51@gmail.com'),(134,'adryan_mikael@outlook.com'),(175,'adv.andersoncostamartinez@hotmail.com'),(203,'alegregorio@live.com'),(264,'alessanconaval@gmail.com'),(127,'altodacolinatr@hotmail.com'),(190,'amadeu_tjruck@hotmail.com'),(196,'amandacarolina4073@gmail.com'),(193,'amandacarolina9010@gmail.com'),(218,'amanda_roque2012@hotmail.com'),(165,'anainha.ana@gmail.com'),(58,'anamaria5038@hotmail.com'),(148,'andrea-santos.l@hotmail.com'),(226,'andrelis.vianna@gmail.com'),(248,'andressanascimento1827@gmail.com'),(108,'aparecidaecio@754.yahoo.com'),(73,'arpedrosoojr5@gmail.com'),(83,'atendimento@hd3publicidade.com.br'),(79,'atendimento@r2grafica.com.br'),(334,'bechtold@univali.br'),(41,'bp.corretora@yahoo.com.br'),(324,'brunaboneli@outlook.com'),(34,'bveddu@gmail.com'),(332,'calderandaniela321@gmail.com'),(240,'caliluxerox@gmail.com'),(109,'carlojaninha@hotmail.com'),(273,'carlosgoncalves2001@aicloud.com'),(167,'carlosrios161211@gmail.com'),(299,'cassio_gvieira@hotmail.com'),(166,'ceciliazullo@gmail.com'),(252,'celiapiovani@bol.com.br'),(117,'cidinha_fregonezi@hotmail.com'),(260,'claudianav04@hotmail.com'),(296,'cleber.pedro@hotmail.com'),(323,'comendadoriabrasil@braslider-org.org'),(114,'consultorbitcoin@gmaill.com'),(94,'contato@agenciaotz.com.br'),(81,'contato@brcorretores.com.br'),(76,'contato@i9teste.com.br'),(207,'contato@mfpsicologia.com.br'),(77,'contato@mjmtecnodiesel.com.br'),(52,'Cosmedelima25@gmail.com'),(282,'coutinho.valeria@hotmail.com'),(50,'cris.pelentir1990@outlook.com'),(141,'cristinadanielc@gmail.com'),(219,'Daiabizateterra@gmail.com'),(227,'daianivicente14@gmail.com'),(326,'daniotavian@gmail.com'),(217,'dayacristyna33@outlook.com'),(154,'dayfreitas2018@gmail.com'),(61,'dealmeidamaria@hotmail.com'),(339,'debora.krm48@gmail.com'),(277,'denisechiarion@gmail.com'),(140,'descapassi@gmail.com'),(88,'divulgamais@gmail.com'),(205,'dmariacreusa@hotmail.com'),(270,'Edinaldo-tavares@hotmail.com'),(184,'ednamarquesmarques71@gmail.com'),(177,'edson.izeppi@gmail.com'),(327,'edsoncrippa78376@gmail.com'),(95,'eduardohcamara@hotmail.com'),(229,'edujudica2504@gmail.com'),(311,'elainecrisalfieri@gmail.com'),(287,'elenchammas@gmail.com'),(161,'elianebenvindosouza@hotmail.com'),(352,'elianedagnello@hotmail.com'),(121,'eliseteprado1@gmail.com'),(119,'elissandra@jupiter.com.br'),(201,'elizangelastar33@hotmail.com'),(211,'eridealmeidadan@outlook.com'),(89,'erosmaginifique@simeuquero.com'),(268,'es066910@hotmail.com'),(42,'fatguand26@yahoo.com.br'),(150,'Fernanda.Ferreira04071999@yahoo.com'),(258,'fernandamayck@outlook.com'),(162,'fernandanba@gmail.com'),(200,'ferreiradsilva.gts23@gmail.com'),(320,'ff91847075@gmail.com'),(131,'financeiro@mammygestante.com.br'),(51,'flaviacorrea95@hotmail.com'),(55,'fotografoale@gmail.com'),(241,'francaeletrosat@hotmail.com'),(57,'francimeredeoliveirafonseca.me@gmail.com'),(82,'fraude.topofmind@globo.com'),(157,'free@freeclassificados.com'),(156,'freeclassificados@gmail.com'),(237,'gastroclinic@terra.com.br'),(181,'gicanalle1982@hotmail.com'),(198,'gilvaniaassuncao@hotmail.com'),(263,'goncalvesandrei@outlook.com'),(301,'gouvea001@yahoo.com.br'),(234,'grazi.stop@outlook.com'),(96,'grupodemidiabrasil@gmail.com'),(209,'helenapestiglio@hotmail.com'),(298,'hendimy@gmail.com'),(213,'ignaciofuz@gmail.com'),(308,'info@grupocybersul.com.br'),(238,'iolandaricardo@hotmail.com'),(63,'iraliz572@hotmail.com'),(281,'irmazinhamada2@gmail.com'),(189,'isabelly_marketing_76@live.com'),(107,'ivanlbc73@gmail.com'),(38,'ivohissnauer@adv.oabsp.org.br'),(176,'izaquiel20duarte@hotmail.com'),(340,'izidorovalquiria347@gmail.com'),(129,'jcfinmark@yahoo.com.br'),(64,'jederson468@gmail.com'),(354,'je_colognesi@hotmail.com'),(344,'jl2767472@gmail.com'),(78,'joaojosetu@gmail.com'),(178,'jolimagja@hotmail.com'),(343,'jopratta@gmail.com'),(80,'jotadigitais@gmail.com'),(69,'jr@sitesbmx.com'),(269,'juniordescal@gmail.com'),(290,'juracy.martins@hotmail.com'),(197,'jverissimo2010@gmail.com'),(164,'karine-maia-123@hotmail.com'),(113,'karlamayese@hotmail.com'),(115,'keila_jaque@yahoo.com.br'),(160,'kellyrattes@bolcom.br'),(139,'klausking422@gmail.com'),(235,'lain2900@hotmail.com'),(216,'larifsouza@outlook.com'),(103,'larissa-662012@homail.com'),(105,'larissaveloso1198@gamil.com'),(303,'laryssaedanilo70@gmail.com'),(110,'lazzaramendes@gmail.com'),(179,'leandrop391@gmail.com'),(123,'leandropaulinorosa@gmail.com'),(231,'leia.paulo@univali.br'),(345,'leonardo.ferreira86@yahoo.com'),(168,'lilianpiittov@hotmail.com'),(220,'lininha.ribeiro@yahoo.com.br'),(45,'lino@univali.br'),(124,'linod4006@gmail.com'),(126,'lpulino2013@gmail.com'),(208,'lu.mara.oliveira@hotmail.com'),(310,'luana18.2011@hotmail.com'),(44,'luciaarrozio15@gmail.com'),(71,'luciianna_cruz@hotmail.com'),(66,'luiz@sitesbmx.com'),(214,'luizamoribe@hotmail.com'),(46,'mar.brambilla@hotmail.com'),(180,'marcienemoreira@hotmail.com'),(137,'marcinha.pf@hotmail.com'),(257,'marciozanatta66@gmail.com'),(330,'maria-g-lopes@bol.com.br'),(135,'mariarutedasva123@gmail.com'),(215,'marin_pati@hotmail.com'),(239,'marlysalles@hotmail.com'),(68,'mar_clides@hotmail.com'),(247,'masucci1@hotmail.com'),(98,'matison2008@hotmail.com'),(158,'mauramonkeys@yahoo.com.br'),(111,'maurizia.santos@hotmail.com'),(155,'michael13iatzaki14@gmail.com'),(49,'michellytiago@gmail.com'),(262,'milsobosantos@gmail.com'),(348,'mirian.mazzarollo@outlook.com'),(232,'missiynoelia@gmail.com'),(316,'modestokelli63@gmail.com'),(47,'moniquepaschoal89@gmail.com'),(136,'msilveiradarocha@yahoo.com.br'),(53,'m_a_neka@hotmail.com'),(289,'nadirtavares121275@gmail.com'),(242,'nanci.sgt@gmail.com'),(253,'nani_fen@hotmail.com'),(318,'nanymotta51@gmail.com'),(70,'naoreponder@veloxip.com.br'),(225,'nataliaabreu1908@gmail.com'),(319,'nelma1905@gmail.com'),(170,'new4n@hotmail.com'),(261,'olgatereza@yahoo.com.br'),(188,'ondasdealegria@bol.com.br'),(146,'orcinaria@gmail.com'),(271,'pamelathais21@hotmail.com'),(152,'patricia.miciano@hotmail.com'),(265,'patyamad33@gmail.com'),(285,'pazottoracheldasilvapazotto@gmail.com'),(212,'pedrorogerio14@hotmai.com'),(163,'penha_mb@hotmail.com'),(130,'pimentinha.chris@gmail.com'),(84,'planejamento@divpropaganda.com.br'),(128,'planetamotos2010@hotmail.com'),(92,'portubrasil@bol.com.br'),(191,'premio.comercio.destaque@gmail.com'),(210,'quelindia@hotmail.com'),(223,'rafa.aline18@yahoo.com'),(245,'rafa_speed.full@hotmail.com'),(147,'renancarvalhopereira337@gmail.com'),(101,'retorno2@gmail.com'),(99,'retorno@gmail.com'),(236,'ricardo1322@hotmail.com'),(106,'rightvision.org@gmail.com'),(280,'rithaxande22@gmail.com'),(267,'rkorres11@gmail.com'),(144,'rluciana526@gmail.com'),(228,'rmaria251@hotmail.com'),(291,'robertosouzalima@hitmail.com'),(286,'rocristal@outlook.com'),(35,'rodrigo.cuenca@hotmail.com'),(39,'roger.franco1@hotmail.com'),(122,'rose-loureiro@hotmail.com'),(314,'roselilongo@hotmail.com'),(75,'rossoni.soraya@gmail.com'),(283,'rutidozzitezza@gmail.com'),(335,'saaluz55@gmail.com'),(337,'Saantonia53@gmail.com'),(118,'sachapeliculas@gmail.com'),(328,'samanthaalves85@hotmail.com'),(284,'sandrabodoco17@gmail.com.br'),(159,'sandraguimaraes05.sg@gmail.com'),(233,'sawanoi26@gmail.com'),(116,'sbs.simone23@gmail.com.br'),(151,'selmalemos21@hotmail.com'),(138,'selmaSilva54@gmail.com'),(259,'sergio.czarnobay@gmail.com'),(249,'sivaldodionizio144@gmail.com'),(74,'sm@sitesbmx.com'),(206,'sngt.atendimento@gmail.com'),(244,'ssgabrielli@yahoo.it'),(322,'SYLVANALIMA1702@Gmail.com'),(305,'tailinemar@gmail.com'),(143,'taislm6002@gmail.com'),(230,'thaniabernardes5@gmail.com'),(36,'to.toninho.72@hotmail.com'),(62,'torquegamesbr@gmail.com'),(276,'transjg@bol.com.br'),(149,'transmiotti@gmail.com'),(338,'ts465484@gmail.com'),(321,'vaguinho010484@bol.com.br'),(309,'valdirenecarlos77@gmail.com'),(102,'Valgiga276@gmail.com'),(60,'valmarfrei@gmsil.com'),(192,'vendas@pointmercadopago.com'),(145,'veracrigo@terra.com.br'),(202,'vianniodontologia@gmail.com'),(112,'vick-vick@outlook.com.br'),(56,'vidal.marilu@gmail.com'),(185,'wagnersouzza2012@gmail.com'),(187,'willywallusinagem@hotmail.com'),(91,'zetacorpsoftware@gmail.com');
/*!40000 ALTER TABLE `newsletter` ENABLE KEYS */;
UNLOCK TABLES;

--
-- Table structure for table `pagina`
--

DROP TABLE IF EXISTS `pagina`;
/*!40101 SET @saved_cs_client     = @@character_set_client */;
/*!40101 SET character_set_client = utf8 */;
CREATE TABLE `pagina` (
  `id` int(11) NOT NULL AUTO_INCREMENT,
  `slug` varchar(250) NOT NULL,
  `title` varchar(250) NOT NULL,
  `content` longtext DEFAULT NULL,
  `status` int(1) DEFAULT 1,
  `exclude` int(1) DEFAULT 0,
  PRIMARY KEY (`id`) USING BTREE
) ENGINE=InnoDB AUTO_INCREMENT=14 DEFAULT CHARSET=utf8 AVG_ROW_LENGTH=1820;
/*!40101 SET character_set_client = @saved_cs_client */;

--
-- Dumping data for table `pagina`
--

LOCK TABLES `pagina` WRITE;
/*!40000 ALTER TABLE `pagina` DISABLE KEYS */;
INSERT INTO `pagina` (`id`, `slug`, `title`, `content`, `status`, `exclude`) VALUES (3,'institucional','Institucional','<p class=\"tit\"><strong>UNIPREV |</strong> Nossa hist&oacute;ria</p>\r\n<p class=\"text\">A UNIPREV &eacute; especializada em Planos de Assist&ecirc;ncia Familiar, que re&uacute;ne uma s&oacute;lida rede de servi&ccedil;os e oferece todo o cuidado e assist&ecirc;ncia para voc&ecirc; e sua fam&iacute;lia, seja nos menores contratempos do dia-a-dia at&eacute; as mais s&eacute;rias emerg&ecirc;ncias. <br /><br /> Com um pequeno valor mensal, voc&ecirc; garante todo o suporte necess&aacute;rio at&eacute; mesmo nas horas mais dif&iacute;ceis, porque al&eacute;m de oferecer uma completa rede de servi&ccedil;os de sa&uacute;de e benef&iacute;cios exclusivos, a UNIPREV tamb&eacute;m disp&otilde;e de servi&ccedil;o funer&aacute;rio de alto padr&atilde;o.</p>\r\n<p class=\"tit\"><strong>UNIPREV |</strong> Conv&ecirc;nios &Aacute;rea Sa&uacute;de</p>\r\n<p class=\"text\">Com o sistema UNIPREV, voc&ecirc; conta com acesso r&aacute;pido e eficiente, tendo a disposi&ccedil;&atilde;o uma rede de assist&ecirc;ncia completa, formada por profissionais de confian&ccedil;a e bem conceituados em toda a regi&atilde;o.&nbsp;</p>\r\n<ul>\r\n<li>Laborat&oacute;rios de An&aacute;lises Cl&iacute;nicas</li>\r\n<li>Tratamento Odontol&oacute;gico</li>\r\n<li>Fisioterapia</li>\r\n<li>Fonoaudi&oacute;logos</li>\r\n<li>Nutricionistas</li>\r\n<li>Psic&oacute;logos</li>\r\n<li>Raio-x</li>\r\n<li>Ultra-som</li>\r\n<li>Tomografia e Resson&acirc;ncia Magn&eacute;tica</li>\r\n<li>Farm&aacute;cias</li>\r\n</ul>',1,0),(4,'funeraria','Funerria','<p class=\"tit\"><strong>UNIPREV |</strong> Funer&aacute;ria </p><img class=\"text-al\" src=\"/uploads/source/fune.jpg?1474466480282\" alt=\"\" />\r\n<p class=\"text\">A funer&aacute;ria UNIPREV Santa Luzia &eacute; uma empresa com mais de 100 anos de experi&ecirc;ncia, atendendo as cidades de Descalvado, Porto Ferreira e toda regi&atilde;o.</p>\r\n<p class=\"tit\"><strong>UNIPREV |</strong> Servi&ccedil;os funer&aacute;rios</p>\r\n<p class=\"text\">Visando oferecer &agrave;s pessoas, no momento mais dif&iacute;cil de suas vidas, conforto, seguran&ccedil;a e tranquilidade, a funer&aacute;ria Santa Luzia cuida de todos os detalhes com todos os servi&ccedil;os necess&aacute;rios.</p>\r\n<ul>\r\n<li>Tanatopraxia</li>\r\n<li>Traslado</li>\r\n<li>Coroas</li>\r\n<li>Crema&ccedil;&atilde;o</li>\r\n</ul>',1,0),(5,'laboratorio','Laboratrio','<p class=\"tit\"><strong>UNIPREV |</strong> Diagn&oacute;sticos</p> <img class=\"text-al\" src=\"/uploads/source/diagn.jpg?1474466555394\" alt=\"\" />\r\n<p class=\"text\">O Laborat&oacute;rio Uniprev Diagn&oacute;sticos oferece o que existe de melhor em an&aacute;lises cl&iacute;nicas, &eacute; um laborat&oacute;rio ACREDITADO pelo DICQ ,com profissionais capacitados e equipamentos modernos e totalmente automatizados garantindo resultados precisos e confi&aacute;veis.<br /><br />Realizamos mais de 400 tipos de exames, desde os mais simples como hemograma, colesterol, glicose, at&eacute; os mais complexos como exames de DNA e de sequenciamento gen&eacute;tico.</p>\r\n<p class=\"tit\"><strong>UNIPREV |</strong> Sobre o laborat&oacute;rio</p>\r\n<p class=\"text\">O Laborat&oacute;rio Uniprev Diagn&oacute;sticos iniciou suas atividades em 2010 &nbsp;e estamos comprometido em oferecer sempre o melhor atendimento aos nossos clientes buscando &nbsp;a melhoria continua de nossos servi&ccedil;os. Para isto, implantamos o Sistema de Gest&atilde;o da Qualidade que contempla todas as &aacute;reas do laborat&oacute;rio: Organiza&ccedil;&atilde;o, Estrutura fis&iacute;ca, Equipamentos, Reagentes, Processos, Documenta&ccedil;&atilde;o, Arquivamento, Biosseguran&ccedil;a e Qualidade <br /><br /> Nosso laborat&oacute;rio participa do Programa Nacional de Controle de Qualidade e &eacute; Acreditado pelo DICQ - Sistema Nacional de Acredita&ccedil;&atilde;o. <br /><br /> A confiabilidade dos resultados dos exames &eacute; um item primordial para a qualidade de sua sa&uacute;de. <br /><br /> Fa&ccedil;a seus exames na Uniprev e conte com essa seguran&ccedil;a.',1,0),(6,'conveniados','Conveniados','<p class=\"tit\"><strong>UNIPREV |</strong> Conveniados</p>\r\n<p class=\"text\">Conhe&ccedil;a as cl&iacute;nicas &nbsp;e parceiros credenciados da UNIPREV na sua regi&atilde;o.</p>\r\n<p class=\"tit\"><strong>UNIPREV |</strong> Parcerias</p>\r\n<p class=\"text\">A UNIPREV se preocupa em manter sempre os melhores parceiros para atender nossos clientes, para isso, investimos em parcerias de valor para oferecer&nbsp;os melhores cuidados para&nbsp;voc&ecirc; e sua fam&iacute;lia.</p>',1,0),(7,'exames','Exames','<p class=\"tit\"><strong>UNIPREV |</strong>&nbsp;Exames</p><img class=\"text-al\" src=\"/uploads/source/diagn.jpg?1474466623927\" alt=\"\" />\r\n<p class=\"text\">O Laborat&oacute;rio Uniprev Diagn&oacute;sticos &eacute; Acreditado pelo DICQ - Sistema Nacional de Acredita&ccedil;&atilde;o, o que significa que somos auditados periodicamente e aprovados em mais de 100 requisitos de qualidade e atendemos todos os padr&otilde;es exigidos. Para alcan&ccedil;armos o n&iacute;vel de excel&ecirc;ncia em an&aacute;lises cl&iacute;nicas, foi necess&aacute;rio muita dedica&ccedil;&atilde;o e investimento.</p>',1,0),(8,'inicio-quemsomos','Incio | Quem somos','<p class=\"textoG\">A UNIPREV  especializada em Planos de Assistncia Familiar, que rene uma slida rede de servios e oferece todo o cuidado e assistncia para voc e sua famlia.</p>\r\n            <p class=\"textoP\">Com um pequeno valor mensal, voc garante todo o suporte necessrio at mesmo nas horas mais difceis, porque alm de oferecer uma completa rede de servios de sade e benefcios exclusivos, a UNIPREV tambm dispe de servio funerrio de alto padro.</p>',1,0),(9,'inicio-servicos','Incio | Servios','<p class=\"textoG\">Na Uniprev voc encontra o plano ideal para sua necessidade.</p>\r\n            <ul class=\"servicos\">\r\n                <li>Plano Familiar</li>\r\n                <li>Planos de Cremao</li>\r\n                <li>Servios funerrios</li>\r\n                <li>Laboratrio de anlises clnicas</li>\r\n            </ul>',1,0),(10,'uniprevcasa','Vantagens | Uniprev Casa','<p class=\"tit\"><strong>UNIPREV |</strong>&nbsp;Casa</p>\r\n<p>Os titulares do Plano Familiar tem direito a 01 hora de servi&ccedil;o todos os meses, para a realiza&ccedil;&atilde;o de pequenos reparos em sua casa.</p>\r\n<p class=\"tit\"><strong>UNIPREV |</strong>&nbsp;Servi&ccedil;os e reparos</p>\r\n<p class=\"text\">Um servi&ccedil;o feito para auxili&aacute;-lo naqueles pequenos reparos dom&eacute;sticos que n&atilde;o podem ficar pra depois.</p>\r\n<ul>\r\n<li>Antena de TV e FM (consulte condi&ccedil;&otilde;es de uso)</li>\r\n<li>Arm&aacute;rio de Parede</li>\r\n<li>B&oacute;ia e Caixa D\'&Aacute;gua</li>\r\n<li>Buster para TV</li>\r\n<li>Coloca&ccedil;&atilde;o de quadros e espelhos</li>\r\n<li>Campainha</li>\r\n<li>Conserto em porta de correr</li>\r\n<li>Chuveiro</li>\r\n<li>Desentupimento de pias</li>\r\n<li>Desentupimento de calhas</li>\r\n<li>Engraxar port&atilde;o eletr&ocirc;nicos</li>\r\n<li>Extens&atilde;o de tomada el&eacute;trica</li>\r\n<li>Fechaduras (troca, exceto refazer fura&ccedil;&atilde;o porta)</li>\r\n<li>L&acirc;mpadas</li>\r\n<li>Limpeza em caixa d\'&aacute;gua (consulte condi&ccedil;&otilde;es de uso)</li>\r\n<li>Limpeza em caixa de gordura</li>\r\n<li>Persiana</li>\r\n<li>Porta Sanfonada</li>\r\n<li>Reator</li>\r\n<li>Reparo em registros e torneiras</li>\r\n<li>Reparo/Regulagem de v&aacute;lvula hidra</li>\r\n<li>Rodinho em Porta</li>\r\n<li>Sif&atilde;o</li>\r\n<li>Suporte de parede-Video/TV</li>\r\n<li>Telhas Quebradas</li>\r\n<li>Tomada para telefone</li>\r\n<li>Troca de lustres</li>\r\n<li>Trilhas para cortina</li>\r\n<li>Ventilador de teto&nbsp;(consulte condi&ccedil;&otilde;es de uso)</li>\r\n<li>Verificar voltagem de tomadas</li>\r\n</ul>',1,0),(11,'equipamentos','Vantagens | Equipamentos','<p class=\"tit\"><strong>UNIPREV |</strong>&nbsp;Equipamentos e Ambul&acirc;ncia</p>\r\n<p class=\"text\">Os associados Uniprev tem a disposi&ccedil;&atilde;o para loca&ccedil;&atilde;o equipamentos de apoio ao paciente convalescente como: muletas, cadeira de rodas, cadeira de banho, andador, cama hospitalar, suporte para soro e bengala. Al&eacute;m disso, a Uniprev possui uma ambul&acirc;ncia para remo&ccedil;&otilde;es n&atilde;o emergenciais que fica sempre a disposi&ccedil;&atilde;o do conveniado, havendo apenas a necessidade de agendamento.</p>\r\n<h3 class=\"text\">&nbsp;</h3>',1,0),(12,'orientacoes','Exames | Orientaes','<h3><strong>Exames de sangue</strong></h3>\r\n<div>\r\n<h4><strong>8 a 12 horas de jejum</strong></h4>\r\n<ul style=\"list-style: none; padding: 0;\">\r\n<li>- &Aacute;cido &uacute;rico</li>\r\n<li>- Amilase</li>\r\n<li>- Bilirrubinas</li>\r\n<li>- Colesterol</li>\r\n<li>- Glicemia/Glicose</li>\r\n<li>- TGO</li>\r\n<li>- TGP</li>\r\n<li>- Triglic&eacute;rides</li>\r\n</ul>\r\n<h4><strong>4 horas de jejum</strong></h4>\r\n<ul style=\"list-style: none; padding: 0;\">\r\n<li>- Estradiol</li>\r\n<li>- Ferritina</li>\r\n<li>- FSH</li>\r\n<li>- LH</li>\r\n<li>- Prolactina (4h de jejum e 40 min de repouso no laborat&oacute;rio da coleta)</li>\r\n<li>- TSH</li>\r\n<li>- T4 Livre</li>\r\n<li>- Psa\r\n<ul>\r\n<li>Pausa sexual e masturba&ccedil;&atilde;o por 3 dias antes da coleta;</li>\r\n<li>N&atilde;o andar de moto ou bicicleta ou a cavalo 3 dias antes da coleta;</li>\r\n<li>Aguardar\r\n<ul>\r\n<li>3 dias ap&oacute;s a sondagem uretral, toque retal ou uso de suposit&oacute;rio;</li>\r\n<li>15 dias ap&oacute;s colonoscopia;</li>\r\n<li>4 dias ap&oacute;s citoscopia;</li>\r\n<li>7 dias ap&oacute;s ultra-som transretal;</li>\r\n<li>21 dias ap&oacute;s estudos urofin&acirc;mico;</li>\r\n</ul>\r\n</li>\r\n</ul>\r\n</li>\r\n<li>\r\n<ul>\r\n<li>- Qualquer atividade que pressione a gl&acirc;ndula prost&aacute;tica pode interferir no resultado;</li>\r\n</ul>\r\n</li>\r\n</ul>\r\n<h4><strong>6 horas de jejum</strong></h4>\r\n<ul style=\"list-style: none; padding: 0;\">\r\n<li>- Ferro S&eacute;rico</li>\r\n<li></li>\r\n</ul>\r\n<h4><strong>N&atilde;o &eacute; necess&aacute;rio jejum</strong></h4>\r\n<ul style=\"list-style: none; padding: 0;\">\r\n<li>- TTPA</li>\r\n<li>- Ur&eacute;ia</li>\r\n<li>- Tap</li>\r\n<li>- Hemograma</li>\r\n<li>- Creatinina</li>\r\n<li>- Teste de Gravidez</li>\r\n</ul>\r\n</div>\r\n<h3><strong>Exames de urina</strong></h3>\r\n<div>\r\n<h4><strong>Urina Tipo 1 - para homens</strong></h4>\r\n<ul style=\"list-style: none; padding: 0;\">\r\n<li>- N&atilde;o manter rela&ccedil;&atilde;o sexual na v&eacute;spera da coleta;</li>\r\n<li>- Lavar com &aacute;gua e sab&atilde;o as m&atilde;os e a regi&atilde;o genital e depois enxaguar e secar com gaze est&eacute;ril ou toalha bem limpa;</li>\r\n<li>- Com uma das m&atilde;os, segurar o &oacute;rg&atilde;o genital e, com a outra m&atilde;o, segurar o frasco j&aacute; destampado;</li>\r\n<li>- Desprezar o primeiro jato de urina;</li>\r\n<li>- Coletar a propor&ccedil;&atilde;o m&eacute;dia de urina (20 - 50 ml) no frasco est&eacute;ril;</li>\r\n<li>- Tampar o frasco imediatamente;</li>\r\n<li>- O restante da mic&ccedil;&atilde;o &eacute; despejado no vaso sanit&aacute;rio ou bid&ecirc;;</li>\r\n<li>- Tomar cuidado para n&atilde;o tocar no interior do frasco ou da tampa;</li>\r\n<li>- Ap&oacute;s a coleta, a urina deve ser enviada ao laborat&oacute;rio imediatamente, caso n&atilde;o seja poss&iacute;vel, guarde-a no refrigerador at&eacute; o seu envio ao laborat&oacute;rio no prazo aconselhado de at&eacute; 1 hora;</li>\r\n</ul>\r\n<h4><strong>Urina Tipo 1 - p</strong><strong>ara mulheres</strong></h4>\r\n<ul style=\"list-style: none; padding: 0;\">\r\n<li>- N&atilde;o manter rela&ccedil;&atilde;o sexual na v&eacute;spera da coleta, n&atilde;o usar creme ou &oacute;vulo vaginal e aguardar 3 dias ap&oacute;s a menstrua&ccedil;&atilde;o;</li>\r\n<li>- Lavar com &aacute;gua e sab&atilde;o as m&atilde;os e a regi&atilde;o genital de frente para tr&aacute;s e depois, secar sem fazer movimentos para frente ou para tr&aacute;s, usando gaze est&eacute;ril ou toalha bem limpa;</li>\r\n<li>- Sentar no vaso sanit&aacute;rio ou bid&ecirc; deixando uma pequena abertura e com as m&atilde;os segurar o frasco j&aacute; destampado;</li>\r\n<li>- Desprezar o primeiro jato de urina;</li>\r\n<li>- Coletar a propor&ccedil;&atilde;o m&eacute;dia de urina (20 - 50 ml) no frasco est&eacute;ril;</li>\r\n<li>- Tampar o frasco imediatamente;</li>\r\n<li>- O restante da mic&ccedil;&atilde;o &eacute; despejado no vaso sanit&aacute;rio ou bid&ecirc;;</li>\r\n<li>- Tomar cuidado para n&atilde;o tocar no interior do frasco ou da tampa;</li>\r\n<li>- Ap&oacute;s a coleta, a urina deve ser enviada ao laborat&oacute;rio imediatamente, caso n&atilde;o seja poss&iacute;vel, guarde-a no refrigerador at&eacute; o seu envio ao laborat&oacute;rio no prazo aconselhado de at&eacute; 1 hora;</li>\r\n</ul>\r\n<h4><strong>Urina Tipo 1 - p</strong><strong>ara crian&ccedil;as</strong></h4>\r\n<ul style=\"list-style: none; padding: 0;\">\r\n<li>- &Eacute; sempre prefer&iacute;vel coletar no laborat&oacute;rio com cuidados especiais, usando saco coletor;</li>\r\n<li>- Meninos\r\n<ul>\r\n<li>Lavar com &aacute;gua e sab&atilde;o neutro a regi&atilde;o genital cuidadosamente;</li>\r\n<li>Enxugar com gaze ou toalha limpa;</li>\r\n</ul>\r\n</li>\r\n<li>- Meninas\r\n<ul>\r\n<li>Lavar a regi&atilde;o genital com &aacute;gua e sab&atilde;o neutro;</li>\r\n<li>Enxugar a regi&atilde;o com gaze ou toalha limpa, sempre de cima para baixo;</li>\r\n<li>Troque a gaze sempre que voltar ao local onde inicia a higiene;</li>\r\n</ul>\r\n</li>\r\n<li>- Retirar o papel que recobre a parte adesiva do saco coletor;</li>\r\n<li>- Fixar o orif&iacute;cio do saco coletor &agrave; regi&atilde;o genital;</li>\r\n<li>- Aguardar que a crian&ccedil;a urine;</li>\r\n<li>- Se a crian&ccedil;a n&atilde;o urinar em um per&iacute;odo de 40 minutos, repetir a higiene e trocar o saco coletor;</li>\r\n<li>- Assim que a crian&ccedil;a urinar, retirar o saco coletor e fech&aacute;-lo colando as bordas do orif&iacute;cio tomando cuidado para n&atilde;o tocar na parte interna do saco coletor e verifique se est&aacute; bem vedado.</li>\r\n<li>- Ap&oacute;s a coleta, a urina deve ser enviada ao laborat&oacute;rio imediatamente, caso n&atilde;o seja poss&iacute;vel, guarde-a no refrigerador at&eacute; o seu envio ao laborat&oacute;rio no prazo aconselhado de at&eacute; 1 hora;\r\n<h4><strong>Exames que necessitam coleta de urina 24 horas</strong></h4>\r\n</li>\r\n<li>\r\n<p>Coleta: os volumes dever&atilde;o ser coletados rigorosamente, sem nenhuma perda de material. Evitar coletas as sextas-feiras e aos s&aacute;bados, para que n&atilde;o haja altera&ccedil;&otilde;es provocadas pelas mudan&ccedil;as de h&aacute;bitos dos finais de semana (Ex. dieta, exerc&iacute;cio f&iacute;sico, estresse, etc).<br />- O material n&atilde;o deve ser coletado durante epis&oacute;dios de c&oacute;lica (aguardar 10 dias) ou em uso de medicamentos que causem interfer&ecirc;ncia nos exames. Relacionar o uso de medicamentos em caso da impossibilidade de suspens&atilde;o.<br />- Os frascos devem ter etiquetas que informem sobre o conte&uacute;do e permita a identifica&ccedil;&atilde;o clara do cliente. As etiquetas devem conter nome completo, peso e altura do cliente.<br />- Quando indicado, especialmente para clientes do sexo feminino, deve-se orientar para a realiza&ccedil;&atilde;o de cuidadosa higiene &iacute;ntima antes de cada coleta. Sempre que poss&iacute;vel, deve-se evitar a coleta de urina durante o per&iacute;odo menstrual e nos dias imediatamente anterior e posterior, com objetivo de se reduzir eventuais contamina&ccedil;&otilde;es por flu&iacute;dos genitais. O uso de absorvente interno pode ser uma alternativa em situa&ccedil;&otilde;es urgentes.<br />- As urinas devem ser coletadas em frasco pl&aacute;stico liso, tipo &aacute;gua mineral. <br />- N&atilde;o usar recipientes de refrigerantes, medicamentos, etc., pois poder&aacute; ocasionar contamina&ccedil;&atilde;o da urina.</p>\r\n<p>Procedimento para homens e mulheres:<br />Desprezar a 1&ordf; urina de manh&atilde;, e marcar o hor&aacute;rio.<br />Coletar para um frasco grande fornecido pelo laborat&oacute;rio, ou (tipo &aacute;gua mineral) todas as urinas do dia e da noite, se tiver.<br />Coletar tamb&eacute;m para o frasco a primeira urina do dia seguinte &agrave; mesma hora em que jogou fora a 1&ordf; urina da manh&atilde; do dia anterior.<br /> Conserva&ccedil;&atilde;o e Transporte &ndash; O frasco com as mic&ccedil;&otilde;es deve ser conservado na geladeira o tempo todo. Ap&oacute;s a &uacute;ltima mic&ccedil;&atilde;o levar o mais r&aacute;pido poss&iacute;vel para o Laborat&oacute;rio. <br /> Observa&ccedil;&atilde;o &ndash; Misturar todas as urinas, n&atilde;o sendo necess&aacute;rio separar qualquer mic&ccedil;&atilde;o, e levar para o Laborat&oacute;rio todo o volume da urina.<br />- &Eacute; fundamental que toda a urina seja entregue ao laborat&oacute;rio. Qualquer erro na coleta implicar&aacute; em erro nos resultados.</p>\r\n</li>\r\n<li>Observa&ccedil;&atilde;o: Para o exame de Depura&ccedil;&atilde;o de creatinina anotar o peso e altura do paciente(19/09/2018)\r\n<p>&nbsp;</p>\r\n</li>\r\n</ul>\r\n</div>\r\n<h3><strong>Exames de Fezes</strong></h3>\r\n<div>\r\n<h4><strong>Exame Parasitol&oacute;gico Comum</strong></h4>\r\n<ul style=\"list-style: none; padding: 0;\">\r\n<li>- Coletar as fezes em urinol, bacia ou bid&ecirc;, com cuidado de n&atilde;o misturar com a urina (urinar fora);</li>\r\n<li>- Colocar no frasco, comprado na farm&aacute;cia ou fornecido pelo laborat&oacute;rio, uma pequena quantidade de fezes (5 pazinhas);</li>\r\n<li>- Identificar o frasco com as fezes, colocando na etiqueta colocada ao frasco o nome do cliente e depois levar ao Laborat&oacute;rio no mesmo dia;</li>\r\n<li>- No caso de cliente que tenha h&aacute;bito de evacua&ccedil;&atilde;o &agrave; tarde ou &agrave; noite, o frasco deve ser embrulhado em papel alum&iacute;nio e conservado na geladeira at&eacute; a hora de entrega ao laborat&oacute;rio, no dia seguinte.</li>\r\n</ul>\r\n<h4><strong>Exame Parasitol&oacute;gico - MIF</strong></h4>\r\n<ul style=\"list-style: none; padding: 0;\">\r\n<li>- O cliente deve coletar no frasco com conservante, fornecido pelo Laborat&oacute;rio (3 frascos), uma pequena quantidade de fezes (1 pazinha) a cada dia, durante 3 dias alternados;</li>\r\n<li>- Manter o frasco em temperatura ambiente;</li>\r\n<li>- &Eacute; conveniente de que a coleta inicial seja feita em urinol, bacia ou bid&ecirc;, e sem mistur&aacute;-la com a urina (urinar fora);</li>\r\n<li>- Identificar o(s) frasco(s) com as fezes, colocando na(s) etiqueta(s) do(s) frasco (s) o nome do cliente, e depois levar ao Laborat&oacute;rio.</li>\r\n</ul>\r\n<h4><strong>Pesquisa de Sangue Oculto</strong></h4>\r\n<ul style=\"list-style: none; padding: 0;\">\r\n<li>- Coletar as fezes em urinol, bacia ou bid&ecirc;, com o cuidado de n&atilde;o misturar com a urina (urinar fora);</li>\r\n<li>- Colocar no frasco, comprado na farm&aacute;cia ou fornecido pelo Laborat&oacute;rio, uma pequena quantidade de fezes (5 pazinhas);</li>\r\n<li>- Identificar o frasco com as fezes, colocando na etiqueta colocada ao frasco o nome do cliente e depois levar ao Laborat&oacute;rio no mesmo dia;</li>\r\n<li>- No caso de cliente que tenha h&aacute;bito de evacua&ccedil;&atilde;o &agrave; tarde ou &agrave; noite, o frasco deve ser embrulhado em papel alum&iacute;nio e conservado na geladeira at&eacute; a hora de entrega ao Laborat&oacute;rio, no dia seguinte.</li>\r\n</ul>\r\n</div>\r\n<h3><strong>Espermograma</strong></h3>\r\n<div>\r\n<ul style=\"list-style: none; padding: 0;\">\r\n<li>- O cliente deve estar em abstin&ecirc;ncia sexual de 3 a 5 dias;</li>\r\n<li>- N&atilde;o &eacute; necess&aacute;rio abstin&ecirc;ncia em caso de monitoramento de vasectomia;</li>\r\n<li>- O cliente deve fazer higiene das m&atilde;os e toda a genital;</li>\r\n<li>- Durante a masturba&ccedil;&atilde;o n&atilde;o utilizar &aacute;gua ou qualquer tipo de lubrificante;</li>\r\n<li>- A coleta do esperma deve ser feita em frasco est&eacute;ril fornecido pelo laborat&oacute;rio;</li>\r\n<li>- Anotar a hora exata da coleta;</li>\r\n<li>- A coleta deve ser feita preferencialmente no laborat&oacute;rio, caso coletado em outro local deve ser entregue em at&eacute; 30 minutos ap&oacute;s a coleta informando o hor&aacute;rio da coleta ;</li>\r\n</ul>\r\n</div>',1,0),(13,'qualidade','Exames | Qualidade','<h3><strong>Investimos em Tecnologia</strong></h3>\r\n<div>Para os exames hematol&oacute;gicos, trouxemos o Mindray BC3200 que garante resultados mais detalhados e seguros; para a &aacute;rea de bioqu&iacute;mica, com o novo analisador Flexor EL200, exames como colesterol, triglic&eacute;rides, glicose e &aacute;cido &uacute;rico t&ecirc;m resultados exatos em menor tempo.</div>\r\n<h3><strong>Investimos em Controle Interno da Qualidade</strong></h3>\r\n<div>Todos os exames passam por um rigoroso controle interno de qualidade para garantir a confiabilidade de seus resultados.</div>\r\n<h3><strong>Investimos em Informa&ccedil;&atilde;o</strong></h3>\r\n<div>As informa&ccedil;&otilde;es de todas as amostras de pacientes e dos materiais usados nos processos s&atilde;o registrados para que possam ser rastreados a qualquer momento.</div>\r\n<h3><strong>Investimos em Seguran&ccedil;a</strong></h3>\r\n<div>Normas de biosseguran&ccedil;a e seguran&ccedil;a do trabalho garantem a tranquilidade de nossos clientes e colaboradores.</div>\r\n<h3><strong>Investimos em Parcerias</strong></h3>\r\n<div>Contamos com os melhores laborat&oacute;rios e institutos de apoio para a realiza&ccedil;&atilde;o e confirma&ccedil;&atilde;o de exames de alta complexidade, aumentando a garantia de qualidade de nossos servi&ccedil;os.</div>\r\n<h3><strong>Investimos em Certifica&ccedil;&otilde;es</strong></h3>\r\n<div>Todos os equipamentos e instrumentos do laborat&oacute;rio Uniprev contam com certificado de calibra&ccedil;&atilde;o e passam por testes e ensaios peri&oacute;dicos que garantem o seu correto funcionamento e sua exatid&atilde;o.</div>\r\n<h3><strong>Investimos em Meio Ambiente</strong></h3>\r\n<div>O Plano de Gerenciamento de Res&iacute;duos de Servi&ccedil;os de Sa&uacute;de- PGRSS- cuida para que os res&iacute;duos gerados pelo laborat&oacute;rio sejam corretamente manipulados e descartados, contribuindo para a preserva&ccedil;&atilde;o do meio ambiente e o crescimento sustent&aacute;vel.</div>',1,0);
/*!40000 ALTER TABLE `pagina` ENABLE KEYS */;
UNLOCK TABLES;

--
-- Table structure for table `users`
--

DROP TABLE IF EXISTS `users`;
/*!40101 SET @saved_cs_client     = @@character_set_client */;
/*!40101 SET character_set_client = utf8 */;
CREATE TABLE `users` (
  `id` int(11) NOT NULL AUTO_INCREMENT,
  `name` varchar(50) NOT NULL,
  `email` varchar(70) NOT NULL,
  `password` varchar(60) NOT NULL,
  `status` int(1) DEFAULT 0,
  `exclude` int(1) DEFAULT 0,
  PRIMARY KEY (`id`) USING BTREE
) ENGINE=MyISAM AUTO_INCREMENT=20 DEFAULT CHARSET=utf8 AVG_ROW_LENGTH=110;
/*!40101 SET character_set_client = @saved_cs_client */;

--
-- Dumping data for table `users`
--

LOCK TABLES `users` WRITE;
/*!40000 ALTER TABLE `users` DISABLE KEYS */;
INSERT INTO `users` (`id`, `name`, `email`, `password`, `status`, `exclude`) VALUES (16,'Teste','lucassabatino@outlook.com','$2y$10$kKoCtEWw8pQwtTUSVkWrauhT5aOABZbFWQ0oSqJ3yNJ.1vVjn2ZNq',1,1),(17,'Rodrigo','rodrigo@uniprev.com.br','$2y$10$DR1cJruhjvoChMcGsJSPUeePeBmxqPO0OPJBSp6QEe8FlNFxyOkpq',1,0),(18,'Conato','contato@uniprev.com.br','$2y$10$ieu2O6Pf3msdcDZZO2R2Nu3yF0MGr8PtQJJkAfbHQPFni5yF.lA5.',1,0),(15,'Lucas','lucas.sabatino@arkus.com.br','$2y$10$kKoCtEWw8pQwtTUSVkWrauhT5aOABZbFWQ0oSqJ3yNJ.1vVjn2ZNq',1,0),(19,'teste','teste@teste.com','$2y$10$OjFYxjDc.3/lI.NW31THn.5gIQp6uS9kl.mcVZAteeizdpzsfCnEm',1,0);
/*!40000 ALTER TABLE `users` ENABLE KEYS */;
UNLOCK TABLES;

--
-- Dumping events for database 'uniprev_2016'
--

--
-- Dumping routines for database 'uniprev_2016'
--
/*!40103 SET TIME_ZONE=@OLD_TIME_ZONE */;

/*!40101 SET SQL_MODE=@OLD_SQL_MODE */;
/*!40014 SET FOREIGN_KEY_CHECKS=@OLD_FOREIGN_KEY_CHECKS */;
/*!40014 SET UNIQUE_CHECKS=@OLD_UNIQUE_CHECKS */;
/*!40101 SET CHARACTER_SET_CLIENT=@OLD_CHARACTER_SET_CLIENT */;
/*!40101 SET CHARACTER_SET_RESULTS=@OLD_CHARACTER_SET_RESULTS */;
/*!40101 SET COLLATION_CONNECTION=@OLD_COLLATION_CONNECTION */;
/*!40111 SET SQL_NOTES=@OLD_SQL_NOTES */;

-- Dump completed on 2020-08-23 11:34:42
